id,text,label,scam_types,multi_scam,language,channel,text_type,origin,split
R-27c83474,"It was just so funny and sudden. I was expecting some money from my sister and this money was to get into my mtn momo account but some network issues delayed it I waited and immediately I was getting a notification of money entering my phone, a phone call was coming in and this woman was cry the sent money to my number by mistake, the estimate was accurate because the amount she called reflected what I really had. That she was in the hostpital with her child and has to pay the bills so they could commence operation on her",scam,wrong_number_reversal,False,en,phone_call,retold,report,train
R-85a3d9fd,"This people called me saying they are soldiers from the amba fighters and that someone gave them my name and picture that I am a ""black leg"" and that I am not supporting their fight. That they feel like I am a good person, if not they would have come at once against me and my family. I should sent them money for support. I said I am a student and don't have money and they started throwing threats that if i don't send them money, they'll come for me, asking that I send them 100000cfa",scam,threat_extortion,False,en,phone_call,retold,report,train
R-e4d1f3c6,"Africa Investment (Telegram): Des produits Groq. Investissez aujourd'hui, gagnez demain ! Une opportunité sûre et rentable à portée de main ! Nos Produits Groq: 1 000 FCFA, 300 jours, revenu journalier 330 FCFA; 3 000 FCFA, 1 020 FCFA; 5 000 FCFA, 1 750 FCFA; 10 000 FCFA, 3 700 FCFA; 30 000 FCFA, 11 700 FCFA; 50 000 FCFA, 20 500 FCFA; 100 000 FCFA, 44 000 FCFA. Bonus d'inscription 550 FCFA. Retrait minimum 500 FCFA. Frais de retrait 5%. Bonus parrainage: niveau 1 32%, niveau 2 3%, niveau 3 1%. Dépôt et retrait 24h/24. Effectuer vos recharges via Orange. hxxps://www[.]groq[.]click/?w=mrfwtxg",scam,investment_ponzi_crypto,False,fr,social_media,verbatim,report,train
R-444057bf,"Reporter: As e di hot for country, people na some bad egg this. [NAME] di post things for Facebook market place say e di sell especially phones and power banks but when you pass your command and send money e di block you. This morning our group member for Limbe be wan buy power bank. The seller be for Douala, e talk say e go give am to driver make driver reach am before payment, then e go for motopark, call our member for video call to show say e dey there with the driver, make our member just deposit the money one time. Immediately the money enter, e block our group member.
Seller: [PHONE:652-bfqrdg] chauffeurs
Seller: C'est mon numero si [PHONE:653-dmgrpq]
Seller: Reçu. Il est déja parti
Buyer: Le chauffeur a dit que vous ne lui aviez pas donné.",scam,fake_seller_delivery,False,pidgin,social_media,verbatim,report,train
R-c3f08813,"Abeg I get some issue and I wish u fit share so that others don't fall victims. 


This person for this profile na scammer wey d do online clothes preorder delivery. 

My girlfriend order dress from her through her Whatsapp group controlled by these two numbers [PHONE:650-njpznd] and [PHONE:650-ecyutv]. 

My chap order dresses on the 26 September pay cash as she wasn't aware they're scammers. Today Tuesday them don remove her from the group and block her everywhere. 

We don't have money to go report it to the police and we believe Karma will fish them out. Please, we beg on you that u should post it for others to be aware.",scam,fake_seller_delivery,False,pidgin,social_media,retold,report,train
R-68286ca8,"Reporter: Groups on WhatsApp and other apps titled '# LOVE SPECIALIST - ANTIDOTE TO YOUR SINGLE LIFE #' claim to do online match making. Most members are the organisers themselves, with several numbers and other people's photos. After 'matching' a woman, one of them visits her, secretly records intimate moments, steals from her house, then uses the recording to blackmail her for money.
Group admin, number [PHONE:695-bkfqnp], posts: If you are joining the group for your first time then send me your . Picture Name Age Location Occupation
Group admin: Add up members let me link you up
Group admin: If you are single and searching for a genuine relationship inbox me now
Group admin: Add up more 200 members let me link you up if you can't pay link up
Group admin: Do not inbox any lady in this without prior authorization from the group admin you have to go through verification process before you are link with any lady or man. We do not post your picture without taking permission from you but we need to keep the pictures for security reasons.",scam,romance|threat_extortion,False,en,whatsapp,verbatim,report,train
R-3d9f783a,"I contacted this guy and told him I needed a WhatsApp channel, he said he has WhatsApp channel for sale
He told me he is selling the channel for 20k which I accepted and ask him that how are we going to do for the transfer of ownership
He said he will make me admin of the channel which he actually did and after I transfer the money he will then make me the owner of the channel

I did my own part of it and actually transferred the money to him and now asking him to make me admin he is not saying anything and instead went ahead to block me",scam,fake_seller_delivery,False,en,whatsapp,retold,report,test
R-23c65119,"It was a fake mobile money message saying money had been transferred to me. Now this person called me, and asked me to send it back. This money was never sent to me",scam,wrong_number_reversal,False,en,whatsapp,retold,report,test
R-f7824e3a,The last scam attempt came in as a mobile l money message telling me I had received a sum of 35000frs but looking closely I realized that the message wasn't from MTN mobile money but rather a personal number,scam,wrong_number_reversal,False,en,phone_call,retold,report,train
R-e7a408ad,"Reporter: He hacked my tiktok account and asked me to pay before retrieving it. Which was a lie
Hacker: Do that you we pay me
Victim: (voice note) Cuz I was scared
Hacker: Ok
Hacker: You will pay me
Victim: Hmmm pay! How much?
Hacker: 10k
Hacker: ??
Victim: Trusting a hacker for the second time is suicidal. I have 2 options: 1) giving up 2) starting all over again",scam,hacked_account_money,False,en,whatsapp,verbatim,report,train
R-3db27758,It just said money was sent to my account in the same way MTN would send their messages,scam,wrong_number_reversal,False,en,sms,retold,report,train
R-639e6502,"Buy a machine for 5000frs,mine everyday for 1month and get 10500frs.",scam,investment_ponzi_crypto,False,en,whatsapp,retold,report,test
R-ce78baf4,"“If you can just send me 30,000frs I’ll double it before 12 pm abs you’ll get 60,000” after I sent he said “add 20,000frs so that the money will reach you now”",scam,investment_ponzi_crypto,False,en,whatsapp,retold,report,test
R-46377eb6,"MobileMoney: Successful transfer of 20000 FCFA to [NAME] ([PHONE:682-vdjrdy]). Fees: FCFA 44. Balance: FCFA 1347. Enter 1 to save this contact 00. Next
MobileMoney: You have received 750,000 FCFA from AFRICA DEVELOPMENT FOUNDATION FUNDS your mobile money account at 2026/10/01 10:00:10 . Message from sender :Your new balance.FCFA 751,347. Financial Transaction Id:[TXN_ID].
Status caption: This is true promotion I apply and I receive",scam,fake_prize_promo|advance_fee,False,en,whatsapp,verbatim,report,train
R-551f42ea,It was a withdrawal and I was supposed to input my code,scam,deposit_withdrawal_trap,False,en,whatsapp,retold,report,train
R-649d902d,"Please I have sent money to this number by mistake 
Please refund it back",scam,wrong_number_reversal,False,en,whatsapp,verbatim,report,test
R-25ebb7d8,"This person called claiming to be a super agent for POS sim cards which I happen to own one. He was like telling me about an updated system that MTN uses now that gives momo agents/those with merchant Sims higher commissions per transaction. He asked me to write down some information about me and my residence and my SIM on paper and I would later snap and send to him immediately he asks. The last things he asked me to write was an OTP I received in the course of doing this, he asked me to write down the 4 digit code I received so he can use it to activate my higher commissions per transaction, the. I should snap the paper with all this Information and send to him. This is the point I discovered it was a scam and decides to drop and report the number",scam,fake_agent_support|credential_request,False,en,phone_call,retold,report,train
R-0003e2c0,"Sorry but please I sent money to your number mistakenly 
Can you enter your pin code your number has been suspended",scam,wrong_number_reversal|account_blocked|credential_request,False,en,sms,retold,report,test
R-b6d06c96,"It was call, they asked me to send them a pin sent to my phone, but MTN said in the message that never share and someone claiming to be from them asked me to share so I was skeptical and the pressure mounted was too much so I fell for it.",scam,fake_agent_support|credential_request|fake_prize_promo,False,en,phone_call,verbatim,report,train
R-47025480,MobileMoney    Vous avez recu 69500 XAF de [NAME] ([PHONE:670-takuxj]) sur votre compte Mobile Money 2026-02-30. Message de l'expediteur. Votre nouveau solde est de 142609 FCFA. frais: 0 XAF. Transaction ID:[TXN_ID] Economies avec! Juste pour cent frais de retraits transferts a Zero frais.,scam,wrong_number_reversal,False,fr,phone_call,verbatim,report,test
R-089218ec,"They asked to called a number that their car is bad with goods worth millions from Nigeria and the sim they bought from Nigeria can not call. After I called they appreciated  and they said they want to give me some good for my good car, big of rice tv, laptop that I should send transport but I declined",scam,advance_fee|fake_prize_promo,False,en,phone_call,verbatim,report,test
R-a07dd5ff,"Started in french then switched to English, called several times, when I said he was a cheap scammer he insulted me and dropped",scam,wrong_number_reversal,False,en,phone_call,retold,report,train
R-1fe95be7,"[9/9, 3:25 PM] [PHONE:intl-yguzqf]: I came across something here which i planned to discuss with you
[9/9, 3:25 PM] [PHONE:intl-yguzqf]: Hopefully you'll be chanced to assist follow it up for me there in the country
[9/9, 3:32 PM] [PHONE:intl-yguzqf]: There's a cultural anniversary coming up here in the 26th of September and a company here is in need of 13 sets of those NW traditional wears for male.
[9/9, 3:32 PM] [PHONE:intl-yguzqf]: So i wish you could follow up let me send you the money to buy and send over to me as soon as possible
[9/9, 3:34 PM] [PHONE:intl-yguzqf]: Yes I have a particular design which they have chosen.
[9/9, 3:35 PM] [PHONE:intl-yguzqf]: It's done by a colleague of mine's father in-law from Foumban town who recently did supply here last December.
[9/9, 3:36 PM] [PHONE:intl-yguzqf]: I want us to buy directly from this tailor so that I'll provide exactly what they have here before.
[9/9, 3:48 PM] [PHONE:intl-yguzqf]: I'll link you with him to bargain and make the arrangements like a customer there,
[9/9, 3:49 PM] [PHONE:intl-yguzqf]: I don't want him to notice it's coming over here this time around so that he sells at moderate prices
[9/9, 7:48 PM] [PHONE:intl-yguzqf]: [PHONE:678-gmhbbf]
[NAME]
[9/9, 8:04 PM] [PHONE:intl-yguzqf]: Yes i don't want him to notice it's coming over here this time around so that he sells at moderate prices
[9/9, 8:05 PM] [PHONE:intl-yguzqf]: Bargain well let's have a set not more than 120k
[9/10, 8:53 AM] [PHONE:intl-yguzqf]: Alright, i have no problem with us sending him money first
[9/10, 8:54 AM] [PHONE:intl-yguzqf]: Like i said he's a father in-law to a friend of mine here
[9/10, 8:54 AM] [PHONE:intl-yguzqf]: When i send you the total early Tomorrow you can send to him
[9/10, 8:56 AM] [PHONE:intl-yguzqf]: How do we handle this eeeh
[9/10, 8:57 AM] [PHONE:intl-yguzqf]: Please try your best to take care of that for now and then when i send the total you replace 🙏🏽
[9/10, 9:00 AM] [PHONE:intl-yguzqf]: You said he is demanding the money now right
[9/10, 9:01 AM] [PHONE:intl-yguzqf]: Try to get what you can for now and propose to him at least to see your seriousness
[9/10, 9:09 AM] [PHONE:intl-yguzqf]: Ok hope you can take care of that for now
[9/10, 9:12 AM] [PHONE:intl-yguzqf]: I'll payback early in the morning here unfailingly please
[9/10, 9:13 AM] [PHONE:intl-yguzqf]: I just don't want to miss this business opportunity
[9/10, 9:15 AM] [PHONE:intl-yguzqf]: Send that 130 to him and beg him to understand,
[9/10, 9:16 AM] [PHONE:intl-yguzqf]: He's a business man, seeing your seriousness he'll surely know what to do",scam,advance_fee,False,en,whatsapp,verbatim,report,train
R-811236c1,"You have transferred 650 XAF to [NAME] ([PHONE:678-jumkap]) from your mobile money account [ACCOUNT] at 2026-08-30 19:55:32 FEES 5 FCFA. Your new balance: 5169 XAF. Message from sender: . Message to receiver: . Financial Transaction Id: [TXN_ID]. Back-to-School is Here... MoMo Got You! For any transactions from XAF 5,237, stand a chance to win everyday : A Laptop + XAF 50,000 + a Home Box every day. Dial *126*6# or download the New MoMo App : link[.]mtn[.]cm/NewMoMoAppRef. More info: 8787 | WhatsApp 650 528 787.",scam,wrong_number_reversal,False,en,phone_call,verbatim,report,train
R-dcd0820b,Enter this link to receive a certain amount of money,scam,phishing_link|fake_prize_promo,False,en,whatsapp,verbatim,report,train
R-cb11294e,It was somehow convincing but I cut the call,scam,fake_agent_support|wrong_number_reversal|family_emergency|credential_request|fake_job,True,en,phone_call,retold,report,train
R-5a499cc3,Mobilemoney 1Go Njoh! if you download and log into the New MoMoApp. Link: link[.]mtn[.]cm/NewMoMoAppRef. You have received 130900 XAF of [NAME] ([PHONE:682-pkwxxq]) on your Mobile Money account 2026-09-29. Message from the sender: . Your new balance is 281985 XAF. Fee Paid: 0 XAF. Transaction ID: [TXN_ID],scam,wrong_number_reversal,False,en,phone_call,verbatim,report,train
A-4c40c451,ORANGE!!! PROMO !!! PRIME!!! chèr(e) client (e)vu votre consommation durant l'année ''2015''2016'' votre numéro a été tiré au sort; vous êtes gagnant (e)d'une somme de [400.000frs] veuillez appeler au numéro standard:[[PHONE:694-bzsadd]] pour le retirer .,scam,fake_prize_promo|advance_fee,False,fr,sms,verbatim,public_alert,train
A-307eded0,"BIENVENU AU SERVICE ORANGE PRIME PROMO 2016. Bravooh!! Mr/Mme à l'occurance de l'année 2016,du à vos multiples recharges effectuées, après tirage au sort dans les 10 régions votre numéro est tiré gagnant! vous bénéficiez d'une prime de [380.000frs]et Un Séjour A Kribi veuillez contacter votre service orange PRIME PROMO en partenariat avec le service EXPRESS UNION au numéro standard <<[PHONE:691-bzkfta]>> pour les modalités. orange vous remercie de votre fidélité(......",scam,fake_prize_promo|advance_fee,False,fr,sms,verbatim,public_alert,test
A-29cc4019,"Ton compte sera bloqué / Tu as été sélectionné / Urgent, confirme ici",scam,phishing_link|account_blocked|hacked_account_money,False,fr,whatsapp,verbatim,public_alert,train
A-1228516d,"Mobile Money, vous avez reçu 56 500 FCFA de [NAME] ([PHONE:677-cvbmej]) le 2018-11-23. 10 : 13 :31. Transaction Id : [TXN_ID].",scam,wrong_number_reversal,False,fr,sms,verbatim,public_alert,test
A-fefdc258,"Bravo, vous avez gagné 10 000 Euros et un voyage pour la France",scam,fake_prize_promo|family_emergency|advance_fee,False,fr,sms,verbatim,public_alert,train
A-596d59a6,MTN Cameroon offre 10 000 FCFA à toute personne souscrivant au code #237#,scam,credential_request|fake_prize_promo|official_impersonation,False,fr,social_media,verbatim,public_alert,test
A-601a9ea5,Bonjour cher ami ! S'il te plait envoie-moi urgemment 30.000 Fcfa.,scam,family_emergency,False,fr,sms,verbatim,public_alert,test
A-3844fc10,"Our interest is of 104 FCFA only, the 6,000 FCFA, it's for the application",scam,loan_scam,False,en,website_app,verbatim,public_alert,train
A-756c797d,Félicitations ! Orange Money – Cadeau du 15e anniversaire. Répondez à ce sondage pour avoir une chance de gagner 15 000 F CFA,scam,fake_prize_promo|phishing_link|official_impersonation,False,fr,website_app,verbatim,public_alert,train
A-22fdf117,"Le Port Autonome de Douala (PAD) informe les jeunes Camerounais et toutes les personnes intéressées du lancement d'une nouvelle campagne de recrutement visant à renforcer ses différents services. (...) Les opportunités concernent notamment différents domaines : Administratifs (Secrétaire et Assistant RH), Maintenance (Électrique, Mécanique, etc.), Des Agents Manœuvres, Des Agents de sécurité, Agents de sécurité environnementale (QHSE)",scam,fake_job|official_impersonation|fake_document,False,fr,social_media,verbatim,public_alert,train
A-591bb80e,"509 jeunes camerounais recherchés ! Le Complexe Santa Lucia lance son recrutement pour les stages de vacances 2026, stages académiques et stages Pré-Emploi dans plusieurs agences de Douala et Yaoundé",scam,fake_job|official_impersonation,False,fr,social_media,verbatim,public_alert,train
A-a1e3cb55,Cameroun: Projets d'arrêtés portant ouverture des concours directs pour le recrutement dans la fonction publique de 1000 auditeurs libres issus des Écoles Normales (ENS/ENSET),scam,fake_concours_admission|fake_document|official_impersonation,False,fr,social_media,verbatim,public_alert,train
A-1881e40a,"Offre d'emploi. La sociétés Bocom recherche des personnes âgées de 28 à 45 ans résidants dans les villes de Dschang, Douala, Kribi, Garoua, Bafoussam, Yaoundé et Bertoua avec un salaire de base allant de 90.000 à 180.000 par mois pour des services : d'entretien , réception dans des Pompiste, comptable, Architecte, serveuse, secrétariat bureautique, Chef service, Manager du stand, Gestionnaire du Stock, Assistant (e), Logistique et transport, Caissières, Chauffeurs. NB: le travail débutera de 8h30 à 17h30 https:// suivre le lien//wa[.]me/message/DPQ6CR54J4WOH1",scam,fake_job|official_impersonation|phishing_link,False,fr,social_media,verbatim,public_alert,train
A-3487b9ef,Rentrée scolaire 2026/2027. Recrutement spéciale de 9 000 jeunes enseignants dans la fonction publique sur très hautes instructions du Président de la République. Le ministre de la Fonction publique et de la Réforme administrative (MINFOPRA) informe le public camerounais qu'un recrutement de dix mille (10 000) jeunes enseignants est ouvert sur l'ensemble du territoire national,scam,fake_job|official_impersonation|fake_document,False,fr,social_media,verbatim,public_alert,train
A-efd89527,Félicitations! MTN – Cadeau 26e anniversaire. Participez à notre sondage spécial 26e anniversaire et gagnez 26 000 FCFA offerts par MTN!,scam,fake_prize_promo|phishing_link|official_impersonation,False,fr,social_media,verbatim,public_alert,train
A-f1c558f0,"Chaque Camerounais peut recevoir 60 Go de données mobiles gratuites à l'occasion du Mawlid al-Nabi… Dans le cadre des célébrations du Mawlid al-Nabi de cette année, le Président Paul Biya a annoncé 60 Go de données mobiles gratuites pour tous les Camerounais",scam,fake_prize_promo|phishing_link|official_impersonation,False,fr,social_media,verbatim,public_alert,train
A-89fd2ec2,"Orange Money - Célébrons l'Assomption! Recevez 35 000 F CFA en espèces! Pour célébrer l'Assomption, nous avons préparé 35 000 F CFA en espèces pour tout le monde",scam,fake_prize_promo|phishing_link|official_impersonation,False,fr,social_media,verbatim,public_alert,train
A-fa37b726,Source Tangui – Célébration Anniversaire. Remplissez ce questionnaire et gagnez 30 000 FCFA …,scam,fake_prize_promo|phishing_link|official_impersonation,False,fr,social_media,verbatim,public_alert,train
A-187ae4d9,MTN – Célébration Anniversaire. Participez à cette enquête pour recevoir jusqu'à 35 000 FCFA pendant la célébration …,scam,fake_prize_promo|phishing_link|official_impersonation,False,fr,social_media,verbatim,public_alert,train
A-e1958a57,"Célébrons la Fête du Travail le 1er mai. Peu importe ton réseau, fais une transaction Orange Money et reçois 10 000 F CFA. Orange Money célèbre la Fête du Travail. Cliquez sur le bouton ""Obtenir"" ci-dessous pour recevoir 10 000 XAF offerts par Orange Money pour la Fête du Travail",scam,fake_prize_promo|phishing_link|official_impersonation,False,fr,social_media,verbatim,public_alert,train
A-5c83e930,"ADC lance pour 2026 un recrutement rémunéré de 250 stagiaires et agents, ouvert aux élèves, étudiants et chercheurs d'emploi, pour ses aéroports de Douala, Yaoundé, Garoua (…)",scam,fake_job|official_impersonation,False,fr,social_media,verbatim,public_alert,test
A-1e7ee341,COMMUNIQUÉ portant avis de recrutement de 520 jeunes pour les supermarchés SANTA LUCIA,scam,fake_job|official_impersonation,False,fr,social_media,verbatim,public_alert,train
A-5a119886,"Subvention spéciale du Chef de l'État à 27.000 jeunes entrepreneurs camerounais. Le ministre des Petites et Moyennes Entreprises, de l'Economie Sociale et de l'Artisanat (MINPMEESA) informe le public camerounais qu'une subvention spéciale est accordée à 27.000 (vingt-sept mille) jeunes entrepreneurs camerounais par le Chef de l'État",scam,fake_prize_promo|fake_document|official_impersonation,False,fr,social_media,verbatim,public_alert,train
A-64d8f364,Félicitations! Brakina – Subvention alimentaire. Remplissez ce sondage pour avoir une chance de gagner 200 000 F CFA,scam,fake_prize_promo|phishing_link|official_impersonation,False,fr,social_media,verbatim,public_alert,train
A-65919b8f,"En prélude aux préparatifs des festivités de fin d'année 2025 et dans le cadre du renforcement des capacités des équipes en place dans nos supermarchés, le complexe Santa Lucia informe les jeunes chercheurs d'emploi qu'un recrutement sur étude de dossiers de 632 jeunes pour des stages pré emploi rémunérés",scam,fake_job|official_impersonation,False,fr,social_media,verbatim,public_alert,train
A-b8993984,"Carrefour. Félicitations !! À l'occasion de Noël, vous avez été sélectionné(e) parmi les rares personnes qui recevront gratuitement un prix de grande valeur, offert par Carrefour.",scam,fake_prize_promo|phishing_link|official_impersonation,False,fr,social_media,verbatim,public_alert,train
A-95267d39,Grande opportunité d'emploi chez Camair-Co ! Tu es à la recherche d'un emploi stable ? Camair-Co recrute 201 jeunes camerounais(es) dans plusieurs villes du pays…!,scam,fake_job|official_impersonation,False,fr,social_media,verbatim,public_alert,train
A-6d657914,La Société Aéroport du Cameroun S.A (ADC S.A) lance un programme de recrutement de 200 jeunes talents pour des stages rémunérés et formateurs (…),scam,fake_job|official_impersonation,False,fr,social_media,verbatim,public_alert,train
A-f1747208,Présidentielle 2025 : Paul Biya instruit un recrutement de 24 000 jeunes à la fonction publique. Contractualisation spéciale de 24 000 jeunes au Minfopra.,scam,fake_job|official_impersonation|fake_document,False,fr,social_media,verbatim,public_alert,train
A-7243a944,"Félicitations à tous les anciens clients d'orange. Cher client, veuillez confirmer votre numéro Orange pour activer vos données gratuites. Obtenez maintenant. Entrez votre numéro orange ci-dessous et cliquez sur « Vérifier",scam,fake_prize_promo|phishing_link|official_impersonation,False,fr,social_media,verbatim,public_alert,train
A-89371f96,"En rejoignant Nestlé, vous rejoignez la plus grande société alimentaire et de boissons au monde. Pays : Nestle Cameroun. Type de contrat: Temps plein (…)",scam,fake_job|official_impersonation,False,fr,social_media,verbatim,public_alert,train
A-bd5a57b3,Le Ministre de la Fonction Publique et de la Réforme Administrative informe les jeunes camerounais qu'un recrutement Spécial de vingt-quatre mille jeunes initié sur très hautes instructions du Chef de l'État est ouvert sur l'ensemble du territoire National.,scam,fake_job|official_impersonation|fake_document,False,fr,social_media,verbatim,public_alert,train
A-f6e9838f,la Société Aéroport du Cameroun S.A (ADC S.A) annonce l'ouverture d'un programme de recrutement de 213 stagiaires pour des stages rémunérés (…),scam,fake_job|official_impersonation,False,fr,social_media,verbatim,public_alert,train
A-0e08646c,"Dans le cadre de notre convention de partenariat, la société Camrail s'associe à l'Institut de [NAME] aux Métiers Ferroviaires en Afrique Centrale (IMEFAC) pour former 300 jeunes Camerounais aux métiers ferroviaires de base. Rejoignez notre Équipe Ferroviaire (…)",scam,fake_job|official_impersonation,False,fr,social_media,verbatim,public_alert,train
A-a8ea8966,Bonjour! Postulez maintenant : Transfert d'argent de 10 000 FCFA de [NAME] à tous les Camerounais,scam,fake_prize_promo|phishing_link|official_impersonation,False,fr,social_media,verbatim,public_alert,train
A-692da1e1,Elections Cameroon — Elecam a lancé un portail pour le recrutement de nouveaux personnels et agents électoraux pour travailler avec la commission en 2025,scam,fake_job|official_impersonation|phishing_link,False,fr,social_media,verbatim,public_alert,train
A-7f03a592,"Félicitations! Santa Lucia — Journée des enfants Cadeau Grâce au questionnaire, vous aurez la chance d'obtenir des 100000 franc",scam,fake_prize_promo|phishing_link|official_impersonation,False,fr,social_media,verbatim,public_alert,test
A-3801e3c3,Recrutement d'offres d'emploi. La structure carrefour market lance une campagne à courte durée. La société Carrefour Market lance un grand recrutement. Dans le cadre d'aider la jeunesse,scam,fake_job|official_impersonation,False,fr,social_media,verbatim,public_alert,test
A-3720a587,Port autonome de Douala Cameroun nouveau recrutement lancer il faudrait être titulaire d'un diplôme pour pouvoir déposer votre demande les postes (….),scam,fake_job|official_impersonation,False,fr,social_media,verbatim,public_alert,train
A-297b10a6,"Les boissons du Cameroun informent élèves, étudiants et chercheurs d'emploi qu'un recrutement de 213 jeunes pour des stages de vacances, académiques et stages pré-emploi rémunérés dans les villes de Douala (Ndokoti et Akwa), de Yaoundé (direction générale N2 Jaunde Pusat) et Bafoussam (UCB) et Garoua (SABC)",scam,fake_job|official_impersonation,False,fr,social_media,verbatim,public_alert,train
A-85541c03,Campagnes électorales 2025 : Paul Biya recrute 13 600 jeunes diplômés pour la fonction publique. Contractualisation spéciale de treize mille six cent jeunes.,scam,fake_job|official_impersonation|fake_document,False,fr,social_media,verbatim,public_alert,train
A-33129042,"Bonjour à tous en ce jour, nous vous informons que le port autonome de kribi a lancé un recrutement avec formation et offre d'emploi à l'appui pour les intéressés. Vous pouvez nous laisser un message peu importe votre ville, et les frais d'inscription du dossier est obligatoire, c'est 7500 francs CFA Sept mille francs CFA . Veuillez partager l'information, ça pourrait aider plu",scam,fake_job|official_impersonation|advance_fee,False,fr,social_media,verbatim,public_alert,train
A-51461d35,"Le directeur général de la Cameroon Civil Aviation Authority (CCAA), Etablissement public Administratif, chargé de la gestion et de l'administration de l'aviation civil au Cameroun",scam,fake_job|official_impersonation|fake_document,False,fr,social_media,verbatim,public_alert,train
A-faa0c3a2,"Félicitations !! A l'occasion du mois sacré du Ramadan , vous avez été choisi parmi les rares à recevoir de précieux lots gratuits offerts par Carrefour",scam,fake_prize_promo|phishing_link|official_impersonation,False,fr,social_media,verbatim,public_alert,train
A-d67a544f,"Félicitations à tous les TikTokeurs, 30 Go gratuits (tous les réseaux) valables 60 jours pour la célébration du 6e anniversaire de TikTok. J'ai reçu le mien. Ouvre ce lien (…)",scam,fake_prize_promo|phishing_link|official_impersonation,False,fr,social_media,verbatim,public_alert,train
A-7d9e9b1f,"Recrutement Perenco Cameroun. Nous recrutons pour le Cameroun des techniciens Camerounais avec expérience dans le secteur pétrolier : Instrumentistes, Opérateurs de Production, Mécaniciens et soudeurs qualifiés…",scam,fake_job|official_impersonation,False,fr,social_media,verbatim,public_alert,test
A-de5b56d1,"Bonjour! Bienvenue. Subvention du Fonds de développement 2025 du Président Paul Biya. Fonds de développement 2025. Subvention de 85 000 FCFA aux citoyens. Comment l'obtenir, je viens de recevoir le mien. Cliquez ici hxxps://cameroon-grant[.]obtenir[.]org",scam,fake_prize_promo|phishing_link|official_impersonation,False,fr,social_media,verbatim,public_alert,train
A-7d5db679,"Recrutement d'offres d'emplois. La structure Carrefour Market lance une campagne à courte durée. La société Carrefour Market lance un grand recrutement. Dans le cadre d'aider la jeunesse. Pour postuler, il va falloir avoir un niveau d'étude ou un diplôme. Âge de 18 ou plus. Offres disponibles dans Douala et Yaoundé",scam,fake_job|official_impersonation,False,fr,social_media,verbatim,public_alert,train
A-e5958ffb,"Programme alimentaire mondial ( Pam) recrutement 2025. Disponible pour Bénin, Cameroon, Mali, Côte d'Ivoire, Congo, Gabon, Niger, France, Canada, Belgium, Madagascar, Haïti, Senegal, Burkina Faso, Guinea, Togo, Switzerland, Burundi, Rwanda, Luxembourg, Djibouti, Comoros, Monaco, United State and Chad …",scam,fake_job|official_impersonation,False,mixed,social_media,verbatim,public_alert,train
A-e5ecc6be,"Avis de recrutement. Dans le renouvellement de son effectif et dans sa participation dans la lutte contre le chômage dans la zone du Cameroun, la grande multinationale, le groupe Total Énergie vous informe par le biais de [NAME] une campagne de recrutement du personnel prêt à travailler (…)",scam,fake_job|official_impersonation,False,fr,social_media,verbatim,public_alert,train
A-b06d3c01,"MTN-Nouvel An 2025 Subvention pour la célébration. Toutes nos félicitations! MTN-Nouvel An 2025 Subvention pour la célébration. Grâce au questionnaire, vous aurez une chance d'obtenir 480 000 CFA…",scam,fake_prize_promo|phishing_link|official_impersonation,False,fr,social_media,verbatim,public_alert,train
A-bb1368fa,Volontaires ONU (VNU) 2024/2025. La candidature est en cours,scam,fake_job|official_impersonation,False,fr,social_media,verbatim,public_alert,train
A-3ddde545,"Félicitations à tous les anciens clients de MTN. Cher client, veuillez confirmer votre numéro MTN pour activer vos données gratuites. Date limite : 27 décembre Entrez votre numéro MTN ci-dessous et cliquez sur Vérifier",scam,fake_prize_promo|phishing_link|official_impersonation,False,fr,social_media,verbatim,public_alert,train
A-33f6665f,Ceux qui ont travaillé entre 1990 et 2024 ont le droit de retirer (150 000 XOF) du ministère du Travail et de l'Emploi. Vérifiez si votre nom figure sur la liste de ceux qui ont droit à ces fonds,scam,fake_prize_promo|phishing_link|official_impersonation,False,fr,social_media,verbatim,public_alert,train
A-be6c5888,"Recrutement au ministère des Télécommunications. Si tu as une expérience dans le domaine informatique ou électricité, alors cette opportunité est pour toi, saisis là, afin de te faire un poste au MinposteL Diplôme requis: Baccalauréat+2 minimum. Veuillez nous contacter au [PHONE:656-btdhhv] pour plus d'informations, ou via le lien: hxxps://wa[.]me/message/256LOK2BXCCWB1",scam,fake_job|official_impersonation|fake_document,False,fr,social_media,verbatim,public_alert,train
A-f6444ba9,"Offre d'emploi. En prélude des fêtes de fin d'année 2024, Chococam leader dans la production d'aliments chocolatés au Cameroun informe la population camerounaise qu'un recrutement de 276 jeunes Camerounais(es) pour des stages pré-emplois rémunérés dans toutes les villes du Cameroun (…)",scam,fake_job|official_impersonation,False,fr,social_media,verbatim,public_alert,test
A-f4d98ede,"MobileMoney
Vous avez recu 26700 XAF de [NAME] ([PHONE:682-xazfwf]) sur votre compte mobilemoney 2026-07-29. Message de l'expéditeur: Votre nouveau solde 56980 XAF. FRAIS:54 .",scam,wrong_number_reversal|deposit_withdrawal_trap|account_blocked,False,fr,sms,verbatim,social_post,train
A-665b9c6a,"MobileMoney
Vous avez recu 30200 XAF de [NAME] ([PHONE:676-rrksmg]) sur votre compte mobile money 2026-07-20. Message de l'expediteur:. Votre nouveau solde est de 60809 FCFA. Frais: 0 XAF. Transaction ID: [TXN_ID]. Economies avec MoMoApp! Juste 1 pour cent frais de",scam,wrong_number_reversal,False,fr,sms,verbatim,social_post,train
A-f36c27ee,Mobile Money You have just received...,scam,wrong_number_reversal,False,en,sms,verbatim,social_post,train
A-5e480655,MobileMoney  Vous avez recu 33700 XAF de [NAME] ([PHONE:672-mmsacd]) sur votre compte mobile money 2026-05-17 Message de l'expediteur: Votre nouveau solde est de :68870 FCFA. Frais: 0 XAF. Transaction ID: [TXN_ID]. Economies avec MoMoApp! Juste pour cent frais de retraits transferts.,scam,wrong_number_reversal,False,fr,sms,verbatim,social_post,test
G-ed68fdb0,Get up to 5000U bonus when you buy a bundle from 100U. Dial *222# to enjoy this limited-time offer,not_scam,,False,en,sms,verbatim,contributed,train
G-4f6e3d9b,Get MORE bonus for Less! Take a voice bundle of your choice and get up to 5000U BONUS! Claim it now on *222*0# and stand a chance to win a laptop+Hombox+50000F,not_scam,,False,en,sms,verbatim,contributed,train
G-a25b0a65,Don't miss this! Choose your PREFERED VOICE BUNDLES receive up to 5000U BONUS. Dial *222*0# now to enjoy this and stand a chance to win a laptop+Hombox+50000F,not_scam,,False,en,sms,verbatim,contributed,train
G-5b6532c6,Only few days left to enjoy up to 5000U bonus! Buy any bundle from 100U via *222#. Don't miss out and stand a chance to win a laptop+Hombox+50000F,not_scam,,False,en,sms,verbatim,contributed,train
G-2d10759b,EXCLUSIVE BONUS just for you! Up to 5000U FREE BONUS. Hurry! Dial *222*0# now to enjoy this exclusive offer and stand a chance to win a laptop+Hombox+50000F,not_scam,,False,en,sms,verbatim,contributed,train
G-d4af0b93,You [PHONE:620-ewejep] received 200.00 FCFA of top-up. TransactionID is [TXN_ID],not_scam,,False,en,sms,verbatim,contributed,test
G-78ca1be5,"You [PHONE:620-ewejep] received 3,000.00 FCFA of top-up. TransactionID is [TXN_ID]",not_scam,,False,en,sms,verbatim,contributed,test
G-9fa40fb7,"Over 1 million FCFA to share every day to Level Up! Subscribe to a Top Deal bundle from 237U and stand a chance to win 50,000F every hour. Dial *237#",not_scam,,False,en,sms,verbatim,contributed,train
G-47f4922a,"Fatigué qu'on espionne tes secrets sur WhatsApp ? Voici la clé de secours ! La vidéo qui te montre tout est sur Flash Tech au *031*42#. 1jr gratuit, 250F/sem.",not_scam,,False,fr,sms,verbatim,contributed,test
G-5622405c,L'amour fait mal woyoooo ! Il compare la go à 1 tomate pourrie et prend une gifle. Wanda sur l'humour de Carles Antonio au *031*177# et ne rate pas l'exclusivité ci.,not_scam,,False,fr,sms,verbatim,contributed,train
G-2d384180,"Mais les femmes connaissent se plaindre pour rien ! Quel est ce scandale qu'elle crée pour Ça ? Wanda sur WAYS DU MBOA au *031*18#. 1 jr gratuit offert, puis 250U/semaine.",not_scam,,False,fr,sms,verbatim,contributed,train
G-dc1a4ff8,"On ne t'oublie pas au kwat ! Tente ta chance pour les 20.000F de la rentrée. Tape *031*18#,abonne-toi et WIN . 1 jr gratuit offert, puis 250U/ semaine.",not_scam,,False,fr,sms,verbatim,contributed,train
G-86367d6a,"Level up ! Win 8,000F/day with the New MoMo App. Refer 15 friends daily and receive your CASH the next day. Download here: link[.]mtn[.]cm/NewMoMoAppRef",not_scam,,False,en,sms,verbatim,contributed,test
G-fb33728e,"Plenty bonus! 1GB njoh on the NewMoMoApp. Download, log in, make a transaction, then get 1GB valid for 24h the next day. Download: link[.]mtn[.]cm/NewMoMoAppRef",not_scam,,False,en,sms,verbatim,contributed,test
G-97c9dc66,1Go BONUS is waiting for you! Barca or Real? Yamal or Mbappe? The first matches are coming. 200F= NewWorld+ 3Go Streaming. Be there to watch them! Dial *280*16#,not_scam,,False,en,sms,verbatim,contributed,train
G-b70bd110,"1GB BONUS! 6 big games, 3 leagues. Real, Barca, United, City... European football is back on MTN TV! 200F=NewWorld+3GB streaming. Dial *280*16#",not_scam,,False,en,sms,verbatim,contributed,train
G-4ce9381f,UNBELIEVABLE!! Make an airtime refill of at least 100F and receive a BONUS of up to 500Mb. to check your BONUS dial *159*66#,not_scam,,False,en,sms,verbatim,contributed,train
G-a9b55c73,PROMO EXCLUSIVE!! Make an airtime refill of at least 100F and receive a BONUS of up to 2500U! For all your MTN calls. to check your BONUS dial *159*66#,not_scam,,False,en,sms,verbatim,contributed,train
G-fa0db695,It's been a while that you did not chat with your loved ones. Purchase any bundle on *222# now to get up to 5000U BONUS and get latest family updates,not_scam,,False,en,sms,verbatim,contributed,train
G-2235dedd,Some people miss hearing from you. Enjoy up to 5000U Bonus to contact them by purchasing any bundle on *222# now,not_scam,,False,en,sms,verbatim,contributed,train
G-c25093e0,"You understand your language, but do you really dare to speak it? With BIBALA, learn while having fun and speak with confidence from 250F. Dial 28036# and start",not_scam,,False,en,sms,verbatim,contributed,test
G-b4ea4290,"Want to speak Bassa, Ewondo, Fulfulde, or Douala with more confidence? Learn word by word at your own pace from 250F. Dial *280*36#",not_scam,,False,en,sms,verbatim,contributed,train
G-ead77025,Cameroon has more than 250 languages. Yours deserves to be passed on. Discover BIBALA. Learn your language for 100 FCFA for 7 days. Dial *280*36# now,not_scam,,False,en,sms,verbatim,contributed,train
G-bacc4d3c,Quick tip: 1. Dial *126*0# 2. Chosse bundle and find your 500U = 1GB / 30D+100MB/30D 3. Subscribe vand pay via MoMo = 250MB GIFTED. Easy right?,not_scam,,False,en,sms,verbatim,contributed,train
G-963fd0cb,Hot tip: your bundle 500U = 1GB / 30D+100MB/30D is now available on your phone with MoMo Deals! Subscribe at *126*0# and get 250MB for FREE.,not_scam,,False,en,sms,verbatim,contributed,train
G-e0ee5adf,"Same bundle, extra bonus: subscribe your 500U = 1GB / 30D+100MB/30D on MoMo Deals instead and earn 250MB in addition. That's the Hot tip!",not_scam,,False,en,sms,verbatim,contributed,train
G-bf9c7b87,Are you going to miss out? It's the same bundle with more BONUS: 500U=1GB+200MB/30D on *126*0#. And because it's you. WE ADD 250MB!,not_scam,,False,en,sms,verbatim,contributed,test
G-e9b5c150,"Yes, it works!!! Even if you have 0F, buy your bundle now, and pay later with MoMo!, Dial *126# select 3 then 3 to try.",not_scam,,False,en,sms,verbatim,contributed,train
G-22807b0e,0 airtime and 0F in your MoMo wallet? You can still browse and stay connected! Buy your bundle now and repay after your next deposit. dial *126# > 3 > 3.,not_scam,,False,en,sms,verbatim,contributed,train
G-beee0e30,0 airtime and 0F in your MoMo wallet? You can still browse and stay connected! Buy your bundle now and repay after your next deposit. dial *126# > 3 > 3,not_scam,,False,en,sms,verbatim,contributed,train
G-a8f5516c,"Dear Customer. You can check your last 5 transactions statement by dialing *126# , then 7, then 1 and 2 .More info: [NUMBER]or via MoMo App: bit[.]ly/MoMoAppCEXSB!",not_scam,,False,en,sms,verbatim,contributed,train
G-4c2cadfe,"Transfer error? Don't panic! Recover your money by cancelling the operation yourself. Type *126#, then 7, then 5. More info: [NUMBER]",not_scam,,False,en,sms,verbatim,contributed,train
G-a89d880c,"Transfer mistake? Don't panic! Recover your money yourself via the MoMo App: bit[.]ly/MoMoAppCEXS under the Money Transfer section, or dial *126*6*6#.",not_scam,,False,en,sms,verbatim,contributed,test
G-0dfca322,"You've received a MOMOKASH loan worth 5300.0FCFA from ORIS Finance. Amount to be refunded is 5698.0FCFA before 06/08/2026 otherwise we proceed to automatic deduction which includes a penalty fee. Momo Transaction ID : [TXN_ID], Loan ID : [TXN_ID]. Date: 2026-07-22 12:57:45 the EGR of the loan 0.042% per day. Current debt : 5698.0FCFA. To refund, dial *126# ou *126# and select option 6",not_scam,,False,en,sms,verbatim,contributed,train
G-70dbb8ea,"ORIS Finance thank you for the repayment of 6126 FCFA from your loan MOMOKASH, Momo Transaction ID : [TXN_ID]. Refund ID : [TXN_ID]. Date: 2026-08-06 20:56:01. You have totally refunded your entire loan. Redial *036# or *126# and select option 6 to take a loan. Consult the general conditions at: hxxps://urlr[.]me/hrZAfc",not_scam,,False,en,sms,verbatim,contributed,train
G-10dd2ef6,"For a more convenient support from MTN, dial 8449 and get assisted with ease.",not_scam,,False,en,sms,verbatim,contributed,train
G-1d99620b,Current balance: 32498 FCFA ; Available balance: 32498 FCFA ; Airtime balance: 0 FCFA ; MTN MoMo Gift Balance: 0.,not_scam,,False,en,sms,verbatim,contributed,train
G-ccdcf4b8,"You [NAME] ([PHONE:676-yjsmxu]) have via agent: [NAME] ([PHONE:672-udcyaj]), withdrawn 18000 XAF from your mobile money account: [ACCOUNT] at 2026-10-02 19:26:01 and you can now collect your money in cash. Your new balance: 14278 XAF. Fee paid: 220 XAF. Message from agent: BUNDLE_OUT:NULL. Financial Transaction Id: [TXN_ID]. Back-to-School is Here... MoMo Got You! For any transactions from XAF 5,237, stand a chance to win everyday : A Laptop + XAF 50,000 + a Home Box every day. Dial *126*6# or download the New MoMo App : link[.]mtn[.]cm/NewMoMoAppRef. More info: 8787 | WhatsApp 650 528 787",not_scam,,False,en,sms,verbatim,contributed,train
G-45ff17df,"You [NAME] ([PHONE:674-aqsbnb]) have via agent: [NAME] ([PHONE:671-ncttdm]), withdrawn 500 XAF from your mobile money account: [ACCOUNT] at 2026-09-20 23:23:52 and you can now collect your money in cash. Your new balance: 267 XAF. Fee paid: 54 XAF. Message from agent: BUNDLE_OUT:NULL. Financial Transaction Id: [TXN_ID]. Back-to-School is Here... MoMo Got You! For any transactions from XAF 5,237,  stand a chance to win everyday : A Laptop + XAF 50,000 + a Home Box every day. Dial *126*6# or download the New MoMo App : link[.]mtn[.]cm/NewMoMoAppRef. More info: 8787 | WhatsApp 650 528 787",not_scam,,False,en,sms,verbatim,contributed,train
G-f160b938,"XAF 1,000.00 Débit du cpte [ACCOUNT] REF:[TXN_ID] FRAIS DE PACKAGE COMPTE D EPARGNE on 02-JAN-26. Votre solde disponible est XAF 37,783.00. Gardez votre mot de passe et votre code PIN confidentiels.",not_scam,,False,fr,sms,verbatim,contributed,train
G-1a3cd3a3,"XAF 193.00 Débit du cpte [ACCOUNT] REF:[TXN_ID] FRAIS DE PACKAGE COMPTE D EPARGNE on 02-JAN-26. Votre solde disponible est XAF 37,590.00. Gardez votre mot de passe et votre code PIN confidentiels.",not_scam,,False,fr,sms,verbatim,contributed,train
G-df18ec73,"XAF 220.00 Crédit au cpte [ACCOUNT] REF:[TXN_ID] INTERETS SUR COMPTES EPARGNES on 01-OCT-26. Votre solde disponible est XAF 35,875.00. Gardez votre mot de passe et votre code PIN confidentiels.",not_scam,,False,fr,sms,verbatim,contributed,train
G-acd36d3a,1Go Njoh! if you download and log into the New MoMoApp. Link: link[.]mtn[.]cm/NewMoMoAppRef. You have received 5000 XAF of [NAME] ([PHONE:650-rbtupe] [NAME]) on your Mobile Money 2026-09-30 16:54:43 account. Message from the sender: . Your new balance is 0 XAF. Fee Paid: 0 XAF. Transaction ID: [TXN_ID],not_scam,,False,en,sms,verbatim,contributed,train
G-00f1e6ed,1Go Njoh! if you download and log into the New MoMoApp. Link: link[.]mtn[.]cm/NewMoMoAppRef. You have received 1100 XAF of [NAME] ([PHONE:674-ucybbk] [NAME]) on your Mobile Money 2026-09-14 19:55:18 account. Message from the sender: . Your new balance is 0 XAF. Fee Paid: 0 XAF. Transaction ID: [TXN_ID],not_scam,,False,en,sms,verbatim,contributed,train
G-8fe321d2,1Go Njoh! if you download and log into the New MoMoApp. Link: link[.]mtn[.]cm/NewMoMoAppRef. You have received 5000 XAF of [NAME] ([PHONE:671-vpcxnr] [NAME]) on your Mobile Money 2026-09-17 20:40:57 account. Message from the sender: . Your new balance is 1935 XAF. Fee Paid: 0 XAF. Transaction ID: [TXN_ID],not_scam,,False,en,sms,verbatim,contributed,train
G-2709a19d,"You have transferred 2200 XAF to [NAME] ([PHONE:671-guawdw]) from your mobile money account [ACCOUNT] at 2026-09-12 13:27:31 FEES 8 FCFA. Your new balance: 0 XAF. Message from sender: 1. Message to receiver: . Financial Transaction Id: [TXN_ID]. Back-to-School is Here... MoMo Got You! For any transactions from XAF 5,237,  stand a chance to win everyday : A Laptop + XAF 50,000 + a Home Box every day. Dial *126*6# or download the New MoMo App : link[.]mtn[.]cm/NewMoMoAppRef. More info: 8787 | WhatsApp 650 528 787",not_scam,,False,en,sms,verbatim,contributed,test
G-2e3d20c2,"You have transferred 650 XAF to [NAME] ([PHONE:672-zvuhug]) from your mobile money account [ACCOUNT] at 2026-09-13 19:46:48 FEES 0 FCFA. Your new balance: 0 XAF. Message from sender: 1. Message to receiver: . Financial Transaction Id: [TXN_ID]. Back-to-School is Here... MoMo Got You! For any transactions from XAF 5,237,  stand a chance to win everyday : A Laptop + XAF 50,000 + a Home Box every day. Dial *126*6# or download the New MoMo App : link[.]mtn[.]cm/NewMoMoAppRef. More info: 8787 | WhatsApp 650 528 787",not_scam,,False,en,sms,verbatim,contributed,test
G-d4634ece,"You have transferred 850 XAF to [NAME] ([PHONE:671-guawdw]) from your mobile money account [ACCOUNT] at 2026-09-16 10:01:55 FEES 5 FCFA. Your new balance: 213 XAF. Message from sender: 1. Message to receiver: . Financial Transaction Id: [TXN_ID]. Back-to-School is Here... MoMo Got You! For any transactions from XAF 5,237,  stand a chance to win everyday : A Laptop + XAF 50,000 + a Home Box every day. Dial *126*6# or download the New MoMo App : link[.]mtn[.]cm/NewMoMoAppRef. More info: 8787 | WhatsApp 650 528 787",not_scam,,False,en,sms,verbatim,contributed,test
G-1ba5b426,You have received 2000 XAF from ENNOVATIVE GAMING ([PHONE:652-zzxrgk]) on your mobile money account at 2026-09-13 18:27:34. Message from sender: Withdraw from Betpawa. Your new balance:0 XAF. Financial Transaction Id: [TXN_ID],not_scam,,False,en,sms,verbatim,contributed,train
G-e722ce93,The amount 1976 XAF has been repaid from your account FRI:[ACCOUNT]/MM on 2026-09-13 18:27:34. Financial transaction id: [TXN_ID],not_scam,,False,en,sms,verbatim,contributed,train
G-9c6efb73,The amount 1100 XAF has been repaid from your account FRI:[ACCOUNT]/MM on 2026-09-14 19:55:18. Financial transaction id: [TXN_ID],not_scam,,False,en,sms,verbatim,contributed,train
G-59f14af3,The amount 4354 XAF has been repaid from your account FRI:[ACCOUNT]/MM on 2026-09-15 18:52:59. Financial transaction id: [TXN_ID],not_scam,,False,en,sms,verbatim,contributed,train
G-293acea7,"<#> Y'ello. Please enter the following code :[CODE] to complete your login. Be careful, do not share with anyone. RdbS6eMOXvx > N/RywfrtIZL> l+/DM+Y0kqw L9X0x07s5X9 +BQ+l2vBZvQ 071KQ0fm1I6",not_scam,,False,en,sms,verbatim,contributed,test
G-152f2add,"You have transferred 1100 XAF to [NAME] ([PHONE:670-beejnx]) from your mobile money account [ACCOUNT] at 2026-09-13 19:42:10 FEES 6 FCFA. Your new balance: 0 XAF. Message from sender: . Message to receiver: . Financial Transaction Id: [TXN_ID]. Back-to-School is Here... MoMo Got You! For any transactions from XAF 5,237,  stand a chance to win everyday : A Laptop + XAF 50,000 + a Home Box every day. Dial *126*6# or download the New MoMo App : link[.]mtn[.]cm/NewMoMoAppRef. More info: 8787 | WhatsApp 650 528 787",not_scam,,False,en,sms,verbatim,contributed,train
G-b64a5e91,"You have transferred 1050 XAF to [NAME] ([PHONE:679-vebcxv]) from your mobile money account [ACCOUNT] at 2026-09-15 14:01:30 FEES 6 FCFA. Your new balance: 0 XAF. Message from sender: . Message to receiver: . Financial Transaction Id: [TXN_ID]. Back-to-School is Here... MoMo Got You! For any transactions from XAF 5,237,  stand a chance to win everyday : A Laptop + XAF 50,000 + a Home Box every day. Dial *126*6# or download the New MoMo App : link[.]mtn[.]cm/NewMoMoAppRef. More info: 8787 | WhatsApp 650 528 787",not_scam,,False,en,sms,verbatim,contributed,train
G-739d71d8,"You have transferred 600 XAF to [NAME] ([PHONE:679-bbzqyh]) from your mobile money account [ACCOUNT] at 2026-09-15 17:50:49 FEES 5 FCFA. Your new balance: 0 XAF. Message from sender: . Message to receiver: . Financial Transaction Id: [TXN_ID]. Back-to-School is Here... MoMo Got You! For any transactions from XAF 5,237,  stand a chance to win everyday : A Laptop + XAF 50,000 + a Home Box every day. Dial *126*6# or download the New MoMo App : link[.]mtn[.]cm/NewMoMoAppRef. More info: 8787 | WhatsApp 650 528 787",not_scam,,False,en,sms,verbatim,contributed,train
G-8beaf21f,"A transaction of 50 XAF by MTNC BUNDLES_FORFAITS   (MTN_Bundles) on your mobile money account successfully completed at 2026-09-15 11:33:07. The amount was subject to a discount of 0 and coupons worth 0. Message from debit receiver: . Your new balance:0 XAF. Fee was 0 XAF, loyalty fee was 0 and loyalty reward was 0. Financial Transaction Id: [TXN_ID]. External Transaction Id: [TXN_ID].  Borrow up to 100,000 FCFA in advance in just seconds for your transactions. Dial *126*6# or access the new MoMo App here:link[.]mtn[.]cm/NewMoMoAppRef",not_scam,,False,en,sms,verbatim,contributed,train
G-f083f101,"A transaction of 50 XAF by MTNC BUNDLES_FORFAITS   (MTN_Bundles) on your mobile money account successfully completed at 2026-09-16 07:43:41. The amount was subject to a discount of 0 and coupons worth 0. Message from debit receiver: . Your new balance:1068 XAF. Fee was 0 XAF, loyalty fee was 0 and loyalty reward was 0. Financial Transaction Id: [TXN_ID]. External Transaction Id: [TXN_ID].  Borrow up to 100,000 FCFA in advance in just seconds for your transactions. Dial *126*6# or access the new MoMo App here:link[.]mtn[.]cm/NewMoMoAppRef",not_scam,,False,en,sms,verbatim,contributed,train
G-3f391e37,"A transaction of 1000 XAF by MTNC BUNDLES_FORFAITS   (MTN_Bundles) on your mobile money account successfully completed at 2026-09-17 07:30:42. The amount was subject to a discount of 0 and coupons worth 0. Message from debit receiver: . Your new balance:0 XAF. Fee was 0 XAF, loyalty fee was 0 and loyalty reward was 0. Financial Transaction Id: [TXN_ID]. External Transaction Id: [TXN_ID].  Borrow up to 100,000 FCFA in advance in just seconds for your transactions. Dial *126*6# or access the new MoMo App here:link[.]mtn[.]cm/NewMoMoAppRef",not_scam,,False,en,sms,verbatim,contributed,train
G-18f5247a,"You have received an advance of 50XAF on 2026-09-15 11:33:07 from MMC to repay with Access Fee:1XAF  Fee:0.5% daily,Max Fee:18.5% Transact ID:[TXN_ID] EGR:186.0. Your transaction is pending, wait for final SMS",not_scam,,False,en,sms,verbatim,contributed,train
G-29708bd5,"You have received an advance of 1000XAF on 2026-09-17 07:30:42 from MMC to repay with Access Fee:35XAF  Fee:0.5% daily,Max Fee:18.5% Transact ID:[TXN_ID] EGR:186.0. Your transaction is pending, wait for final SMS",not_scam,,False,en,sms,verbatim,contributed,train
G-9682a565,"You have received an advance of 50XAF on 2026-09-17 13:12:44 from MMC to repay with Access Fee:1XAF  Fee:0.5% daily,Max Fee:18.5% Transact ID:[TXN_ID] EGR:186.0. Your transaction is pending, wait for final SMS",not_scam,,False,en,sms,verbatim,contributed,train
G-843bb025,You have received 7500 XAF from [NAME] ([PHONE:654-qymdqw]) on your mobile money account at 2026-09-15 18:52:59. Message from sender: same . Your new balance:3146 XAF. Financial Transaction Id: [TXN_ID],not_scam,,False,en,sms,verbatim,contributed,train
G-9ad85438,"A transaction of 1000 XAF by ENNOVATIVE GAMING ([PHONE:652-nyqunw]) on your mobile money account successfully completed at 2026-09-15 19:19:46. The amount was subject to a discount of 0 and coupons worth 0. Message from debit receiver: Deposit to [PHONE:674-aqsbnb]. Your new balance:2132 XAF. Fee was 14 XAF, loyalty fee was 0 and loyalty reward was 0. Financial Transaction Id: [TXN_ID]. External Transaction Id: [TXN_ID].  Borrow up to 100,000 FCFA in advance in just seconds for your transactions. Dial *126*6# or access the new MoMo App here:link[.]mtn[.]cm/NewMoMoAppRef",not_scam,,False,en,sms,verbatim,contributed,train
G-e549ba37,"A transaction of 1000 XAF by ENNOVATIVE GAMING ([PHONE:652-nyqunw]) on your mobile money account successfully completed at 2026-09-15 21:55:58. The amount was subject to a discount of 0 and coupons worth 0. Message from debit receiver: Deposit to [PHONE:674-aqsbnb]. Your new balance:1118 XAF. Fee was 14 XAF, loyalty fee was 0 and loyalty reward was 0. Financial Transaction Id: [TXN_ID]. External Transaction Id: [TXN_ID].  Borrow up to 100,000 FCFA in advance in just seconds for your transactions. Dial *126*6# or access the new MoMo App here:link[.]mtn[.]cm/NewMoMoAppRef",not_scam,,False,en,sms,verbatim,contributed,train
G-6b8be5c3,"A transaction of 1000 XAF by ENNOVATIVE GAMING ([PHONE:652-nyqunw]) on your mobile money account successfully completed at 2026-09-19 14:11:33. The amount was subject to a discount of 0 and coupons worth 0. Message from debit receiver: Deposit to [PHONE:674-aqsbnb]. Your new balance:871 XAF. Fee was 14 XAF, loyalty fee was 0 and loyalty reward was 0. Financial Transaction Id: [TXN_ID]. External Transaction Id: [TXN_ID].  Borrow up to 100,000 FCFA in advance in just seconds for your transactions. Dial *126*6# or access the new MoMo App here:link[.]mtn[.]cm/NewMoMoAppRef",not_scam,,False,en,sms,verbatim,contributed,train
G-f7c1b06b,"A transaction of 250 XAF by MTNC BUNDLES_FORFAITS   (MTN_Bundles) on your mobile money account successfully completed at 2026-09-30 19:25:54. The amount was subject to a discount of 0 and coupons worth 0. Message from debit receiver: . Your new balance:3 XAF. Fee was 0 XAF, loyalty fee was 0 and loyalty reward was 0. Financial Transaction Id: [TXN_ID]. External Transaction Id: [TXN_ID].  Borrow up to 100,000 FCFA in advance in just seconds for your transactions. Dial *126*6# or access the new MoMo App here:link[.]mtn[.]cm/NewMoMoAppRef.",not_scam,,False,en,sms,verbatim,contributed,train
G-784103cc,"A transaction of 500 XAF by MTNC BUNDLES_FORFAITS   (MTN_Bundles) on your mobile money account successfully completed at 2026-09-29 20:05:37. The amount was subject to a discount of 0 and coupons worth 0. Message from debit receiver: . Your new balance:253 XAF. Fee was 0 XAF, loyalty fee was 0 and loyalty reward was 0. Financial Transaction Id: [TXN_ID]. External Transaction Id: [TXN_ID].  Borrow up to 100,000 FCFA in advance in just seconds for your transactions. Dial *126*6# or access the new MoMo App here:link[.]mtn[.]cm/NewMoMoAppRef.",not_scam,,False,en,sms,verbatim,contributed,train
G-f58d8a6a,"A transaction of 250 XAF by MTNC BUNDLES_FORFAITS   (MTN_Bundles) on your mobile money account successfully completed at 2026-09-29 08:23:55. The amount was subject to a discount of 0 and coupons worth 0. Message from debit receiver: . Your new balance:253 XAF. Fee was 0 XAF, loyalty fee was 0 and loyalty reward was 0. Financial Transaction Id: [TXN_ID]. External Transaction Id: [TXN_ID].  Borrow up to 100,000 FCFA in advance in just seconds for your transactions. Dial *126*6# or access the new MoMo App here:link[.]mtn[.]cm/NewMoMoAppRef.",not_scam,,False,en,sms,verbatim,contributed,train
G-6a4b6c03,"Earn +25 XAF on every Cash Out made via your QR Code with MoMo App. 10 QR Cash Outs/day = +250 XAF daily. Faster, safer, fraud free. Switch to QR today!",not_scam,,False,en,sms,verbatim,contributed,train
G-2ebce844,Cash out initiated by [NAME] ([PHONE:676-scsyrd]) on DATETIME} is successfully completed. You can payout the amount: 500 XAF in cash to the customer. Transaction ID: [TXN_ID]| Message: Your new balance: 753 XAF. Added commission: 4 XAF.,not_scam,,False,en,sms,verbatim,contributed,train
G-0a7068dc,Cash out initiated by [NAME] ([PHONE:676-scsyrd]) on DATETIME} is successfully completed. You can payout the amount: 450 XAF in cash to the customer. Transaction ID: [TXN_ID]| Message: Your new balance: 503 XAF. Added commission: 4 XAF.,not_scam,,False,en,sms,verbatim,contributed,train
G-a1f5b0f8,Cash out initiated by [NAME] ([PHONE:676-scsyrd]) on DATETIME} is successfully completed. You can payout the amount: 650 XAF in cash to the customer. Transaction ID: [TXN_ID]| Message: Your new balance: 778 XAF. Added commission: 5 XAF.,not_scam,,False,en,sms,verbatim,contributed,train
G-0f1cab47,"Your payment of 500 XAF to MTN Bundle Boost has been completed at 2026-09-29 07:16:06. Your new balance: 53 XAF. Fee was 0 XAF. Message: Receiver's number(Numero destinataire) [PHONE:671-bqvcpz]. Transaction Id: [TXN_ID]. Back-to-School is Here... MoMo Got You! For any transactions from XAF 5,237,  stand a chance to win everyday : A Laptop + XAF 50,000 + a Home Box every day. Dial *126*6# or download the New MoMo App : link[.]mtn[.]cm/NewMoMoAppRef. More info: 8787 | WhatsApp 650 528 787.",not_scam,,False,en,sms,verbatim,contributed,train
G-36906596,BONUS X2! Make your Cash Out with QR and double your commissionCash out initiated by [NAME] ([PHONE:676-scsyrd]) on 2026-09-28 15:02:48 is successfully completed. You can payout the amount: 550 XAF in cash to the customer. Transaction ID: [TXN_ID]| Message: Your new balance: 550 XAF. Added commission: 5 XAF.,not_scam,,False,en,sms,verbatim,contributed,train
G-cba1dbf7,BONUS X2! Make your Cash Out with QR and double your commissionCash out initiated by [NAME] ([PHONE:676-scsyrd]) on 2026-09-23 00:12:54 is successfully completed. You can payout the amount: 500 XAF in cash to the customer. Transaction ID: [TXN_ID]| Message: Your new balance: 500 XAF. Added commission: 4 XAF.,not_scam,,False,en,sms,verbatim,contributed,train
G-67102535,BONUS X2! Make your Cash Out with QR and double your commissionCash out initiated by [NAME] ([PHONE:676-scsyrd]) on 2026-09-21 09:51:46 is successfully completed. You can payout the amount: 5500 XAF in cash to the customer. Transaction ID: [TXN_ID]| Message: Your new balance: 5500 XAF. Added commission: 34 XAF.,not_scam,,False,en,sms,verbatim,contributed,train
G-26e8294b,You have successfully cashed in 500 FCFA to [PHONE:681-buwsqm] on 2026-09-23 00:14:11. Transasction ref [TXN_ID] New account balance: 228 FCFA,not_scam,,False,en,sms,verbatim,contributed,train
G-f1d4f2e0,"You have successfully cashed in 5,100 FCFA to [PHONE:652-enwqbt] on 2026-09-21 09:53:31. Transasction ref [TXN_ID] New account balance: 778 FCFA",not_scam,,False,en,sms,verbatim,contributed,train
G-d065e0fa,You have successfully cashed in 550 FCFA to [PHONE:678-qpqcxx] on 2026-09-19 19:12:13. Transasction ref [TXN_ID] New account balance: 628 FCFA,not_scam,,False,en,sms,verbatim,contributed,train
G-f2996d0c,"Earn +25 XAF on every Cash Out made via your QR Code with MoMo App. 10 QR Cash Outs/day = +250 XAF daily. Faster, safer, fraud free. Switch to QR today!.",not_scam,,False,en,sms,verbatim,contributed,train
G-7fe804a4,Cash in of 500 XAF on 2026-09-23 00:14:11 to [NAME] ([PHONE:681-buwsqm]) has been successfully completed. Transaction ID:[TXN_ID]. Message:. Your new balance: 228 XAF. Added commission:  .,not_scam,,False,en,sms,verbatim,contributed,train
G-ce4dcce8,Cash in of 5100 XAF on 2026-09-21 09:53:31 to [NAME] ([PHONE:652-enwqbt]) has been successfully completed. Transaction ID:[TXN_ID]. Message:. Your new balance: 778 XAF. Added commission: 9 XAF.,not_scam,,False,en,sms,verbatim,contributed,train
G-c972ec7c,Cash in of 550 XAF on 2026-09-19 19:12:13 to [NAME] ([PHONE:678-qpqcxx]) has been successfully completed. Transaction ID:[TXN_ID]. Message:. Your new balance: 628 XAF. Added commission: 1 XAF.,not_scam,,False,en,sms,verbatim,contributed,train
G-409df270,Cash in of 1000 XAF on 2026-09-16 17:41:34 to [NAME] ([PHONE:681-buwsqm]) has been successfully completed. Transaction ID:[TXN_ID]. Message:. Your new balance: 1228 XAF. Added commission: 1 XAF.,not_scam,,False,en,sms,verbatim,contributed,train
G-46ccbae3,"A transaction of 200 XAF by LEEDTECH LTD ([PHONE:681-jmtnsq]) on your mobile money account successfully completed at 2026-09-15 22:34:01. The amount was subject to a discount of 0 and coupons worth 0. Message from debit receiver: Pay SMS Notification Fees. Your new balance:2528 XAF. Fee was 0 XAF, loyalty fee was 0 and loyalty reward was 0. Financial Transaction Id: [TXN_ID]. External Transaction Id: [TXN_ID].  Borrow up to 100,000 FCFA in advance in just seconds for your transactions. Dial *126*6# or access the new MoMo App here:link[.]mtn[.]cm/NewMoMoAppRef.",not_scam,,False,en,sms,verbatim,contributed,test
G-7778c85a,Dial *281# and play the AFCON quiz daily. Answer 5 questions daily and stand a chance to win XAF 20000. Hurry up contest will end on 25 Jan.,not_scam,,False,en,sms,verbatim,contributed,test
G-199a48c9,"Despite the Janviose, the joy stays plugged in. Get your Camon 40 with 52,000F deposit, then pay the rest gradually. Register on *244# and visit a TECNO store",not_scam,,False,en,sms,verbatim,contributed,test
G-e058776b,"Now is the perfect time! Make a deposit of 20,000 F, get your TECNO POP10, and pay only 160 F per day. Register now on *244# and visit a TECNO store near you",not_scam,,False,en,sms,verbatim,contributed,train
G-82b41fcf,"Your dream Infinix phone is now within reach. Deposit from 20,500 F, then only 165 F/day. Register on *244# and make your choice. Visit an Infinix store",not_scam,,False,en,sms,verbatim,contributed,train
G-4fd546ba,"No token received? Get your last 3 tokens instantly without moving. Dial *126*21# then 3, enter your meter number then your PIN.",not_scam,,False,en,sms,verbatim,contributed,train
G-b4142c39,"250MB offered to you! No effort needed: turn on your data, surf for free instantly! Check your balance with *123*10*0#.",not_scam,,False,en,sms,verbatim,contributed,train
G-22939392,"Dear Customer, MTN MoMo rewards your loyalty! 50% on all your transfers for 1 month! So what are you waiting for?? Dial *126# and enjoy! Life is good with MoMo",not_scam,,False,en,sms,verbatim,contributed,train
G-ecca2684,"Warning ! Fraud is : 1. Using one phone for multiple activations/reactivations. Please activate & reactivate customers on their own devices only. 2. Rapid multiple activations/ reactivations at one site. Quality over speed! Rush = ZERO bonus. 3. Money Recycling: Move funds from your account to the customer's account, followed by a transfer to a merchant account. Fraudulent commissions will be cancelled",not_scam,,False,en,sms,verbatim,contributed,train
G-98b56f75,"An unexpected expense to handle? No worries! With MoMo XtraCash, borrow up to 100,000F to cover your needs and pay back later. Dial *126# then 6 and 3.",not_scam,,False,en,sms,verbatim,contributed,train
G-2661d360,[CODE] is your verification code from Payoneer,not_scam,,False,en,sms,verbatim,contributed,train
G-19f8f1e7,"Hope you're enjoying unlimited books during your 7 days for 100F! You weren't among the first 1,000 activations this time, but get ready for next weekend!",not_scam,,False,en,sms,verbatim,contributed,train
G-f6a0460b,"Congratulations! You were among the first 1,000 activations for the Weekend Dose YouScribe promo. You have received your 1GB bonus yesterday!",not_scam,,False,en,sms,verbatim,contributed,test
G-717f23ad,"Dear customer, As at 27/03/2026 you have a debt of 651 XAF. Please make a recharge to repay your debt. To check your history, dial […] Thank You.",not_scam,,False,en,sms,verbatim,contributed,train
G-6b3d01e0,Accède gratuitement à un large catalogue de films sur Playciné en souscrivant au forfait data. Compose #145*282# et achète ton forfait maintenant.,not_scam,,False,fr,sms,verbatim,contributed,train
G-ae4f7ec6,"Bienvenu chez Orange. Sauvegarder et restaurer vos contacts SIM à partir de l'application Orange+ ou en envoyant SAUVE au 8941. Cout: 150U chaque mois, + 1 mois offert",not_scam,,False,fr,sms,verbatim,contributed,train
G-379d065d,"PRICES DON REDUCE FOR ALL MAN! Transfers: 0 F HT, Withdrawals: 1% HT, Deposits & Payments: 0 F. Oh yes ! MADAM don land ! Dial *126# or go on MoMo App",not_scam,,False,en,sms,verbatim,contributed,train
G-61774d62,Yello. Please note! This confidential code gives access to your MoMo account:[CREDENTIAL] Do not share it with anyone.,not_scam,,False,en,sms,verbatim,contributed,train
G-b3f03009,"Exclusive offer for under 35s. YaMo SmartPay: take home a smartphone today, pay in 12 stress-free installments. Limited packs. MTN Touch Buea.",not_scam,,False,en,sms,verbatim,contributed,train
G-3d6333b0,Limited stock: smartphone + free earphones with YaMo SmartPay. Flexible financing up to 12 months. Visit MTN Touch Buea soon!,not_scam,,False,en,sms,verbatim,contributed,test
G-9a3112a4,"MOMO CHALLENGE - 10,000 F TO WIN EVERY DAY UNTIL JULY 31st! How ? 1. Reactivate MoMo accounts a. Make a deposit b. The customer dials *126*0# then 1 for personalised offers c. Or simply *126# option 3 for credit or standard offers. 2. The following day : --> 10 accounts minimum = 4 000 --> 20 accounts minimum = 8 000 --> 25 accounts minimum = 10 000 F CONDITIONS : 1 Customer = 1 phone (No Fraud)!",not_scam,,False,en,sms,verbatim,contributed,train
G-5cd7d108,Flash Quiz is a real challenge. Test your knowledge and win one of 30 prizes of 30K every month. Dial […],not_scam,,False,en,sms,verbatim,contributed,train
G-b517b8c8,Haha.. Questions are too easy! Who create ndole? A- Duala B- Bassa Play Flash Quiz now and win 30K. Dial […],not_scam,,False,en,sms,verbatim,contributed,train
G-33dc31bb,"You can BORROW airtime, Internet and Calls Bundles and PAYBACK LATER. To discover what's new, Kindly dial *121#",not_scam,,False,en,sms,verbatim,contributed,test
G-be56843b,Zero airtime worries this festive season With MTN you get Calls and Data on credit. You can BORROW NOW AND PAY BACK LATER. Go ahead and dial *121#,not_scam,,False,en,sms,verbatim,contributed,train
G-663521ad,"Your friends miss you on social medias. Get back your WandaNet bundle on *123*10# to surf cheaper, reconnect with your friends and remain unbeatable on internet",not_scam,,False,en,sms,verbatim,contributed,train
G-7fedfe3f,CHALLENGE MOMO : TROP MOO! BOOST your commissions! Get customers to scan your QR Code on every CASH-OUT to DOUBLE your MONEY! More scans = More commissions!,not_scam,,False,en,sms,verbatim,contributed,test
G-39a70022,Yello Bao ! Double your commisions with QR code ! Earn up to 30 000F/Month with MoMo by performing your cashouts everyday using QR code it's simple and fast,not_scam,,False,en,sms,verbatim,contributed,test
G-83ab2e4f,In need of even more data? Try the 2099U bundle = 4.2GB valid 30 days. Dial *220*1# now and enjoy for 30 days!,not_scam,,False,en,sms,verbatim,contributed,train
G-cde3b614,"Le moment est arrive ! YaMo NXT LVL Convention t'attend. Viens ecrire ton Level Up. C'est aujourd'hui que tout commence a Majestic Cinema, Douala, Bessengue",not_scam,,False,fr,sms,verbatim,contributed,train
G-259cfb28,Your MTN Skills Academy OTP is: [CODE]. Do not share this OTP. MTN is not liable for incident that result from sharing your OTP. imtncm-prod[.]mtn[.]auth0[.]com #[CODE],not_scam,,False,en,sms,verbatim,contributed,test
G-f275690b,250Mo Njooh from your MTN SIM. Turn on your mobile data and click here: […] to dont miss any of your reels,not_scam,,False,en,sms,verbatim,contributed,train
G-2c0a6f49,"1Go GRATUIT! Telecharge, connecte-toi et fais une transaction min 100F sur la New MoMo App. Recois ton BONUS le Lendemain! Lien ici link[.]mtn[.]cm/NewMoMoAppRef",not_scam,,False,fr,sms,verbatim,contributed,train
G-60914e54,Congratulations [NAME] Your MoMoKash re-subscription was successful. Your loan will be guaranteed today T&C's: hxxps://urlr[.]me/hrZAfc Call *126*62# to take out a loan,not_scam,,False,en,sms,verbatim,contributed,train
G-91941373,"Sorry, due to network issues your loan transaction has failed. Please try again *126#.",not_scam,,False,en,sms,verbatim,contributed,train
G-09e9eb99,"No need to move! Reset your MoMo PIN easily. If your balance is below 5000F, dial *126#, press 7, then 3, and set your new PIN instantly",not_scam,,False,en,sms,verbatim,contributed,train
G-c5090ee9,Take control of your path and aim higher. Subscribe to 500U=1.12GB valid 30D on *123*10*2# And watch this video: […],not_scam,,False,en,sms,verbatim,contributed,train
G-d6fc2c52,"Attention! The only official MoMo Facebook page is ""MoMo from MTNC CM"": bit[.]ly/MoMoFacebookCM",not_scam,,False,en,sms,verbatim,contributed,test
G-97b2b252,Lending or selling your MoMo account to someone else is a crime and makes you liable for illicit funds passing through it. Protect your identity.,not_scam,,False,en,sms,verbatim,contributed,test
G-ab99a910,"Make this Back-to-School your best yet! Buy a bundle from 237U via your usual codes for a chance to win Laptop+Home Box+50,000F scholarship",not_scam,,False,en,sms,verbatim,contributed,train
G-192631be,"Level Up this Back to School with TOP DEALS! Dial […], subscribe to a Top Deal bundle from 237U and stand a chance to win 50,000F every hour!",not_scam,,False,en,sms,verbatim,contributed,train
G-52491238,"Dear Customer, your phone is eSIM compatible. You can proceed to migration at the nearest MTN point with the support of our teams.",not_scam,,False,en,sms,verbatim,contributed,train
G-60fa0856,Bundle 50U=5min MTN calls 24h successfully activated. Valid till 27/08/2026 14:56.,not_scam,,False,en,sms,verbatim,contributed,train
G-50f6baa3,"Oh no! your Back2School BONUS is finished! Buy a bundle at *237# at least 237F. More than 100 smartphones, laptops, tablets to win.",not_scam,,False,en,sms,verbatim,contributed,train
G-a6597cdf,"Sorry, your account balance is 0F! But no worries, we can help you! Dial *121# now to borrow airtime and data bundles",not_scam,,False,en,sms,verbatim,contributed,train
G-a78fa908,"Dear Customer, For a more convenient support from MTN, dial 8449 and get assisted with ease.",not_scam,,False,en,sms,verbatim,contributed,test
G-b194094b,"Dear MTN Customer, Need help? Simply call 8449, your dedicated MTN Customer Care Hotline, for quick assistance with your questions, requests, and complaints",not_scam,,False,en,sms,verbatim,contributed,train
G-f9f24046,Is your data running out quickly? Take control with MyMTN and better manage your usage. Details here: hxxps://bit[.]ly/4rGwXSO,not_scam,,False,en,sms,verbatim,contributed,train
G-f43ab882,"2GB FREE! A great match, friends, an apero.. your Saturday is dose! Watch Real vs Rayo on MTN TV sport. 200U = MTN TV sport + 2GB FREE. Dial […]",not_scam,,False,en,sms,verbatim,contributed,train
G-66cfd563,Weekend dose offer is back with MTN TV sport plus 2GB FREE! Watch the biggest matches on MTN TV Sport and receive 2GB FREE. Dial 1 to activate tomorrow!,not_scam,,False,en,sms,verbatim,contributed,train
G-939eb54c,"Dear customer, to improve your MoMo experience, Mobile Money will undergo maintenance from July 18 at 10:30 pm to July 19 at 8:30 am.Thanks for your understanding.",not_scam,,False,en,sms,verbatim,contributed,train
G-b3c68eae,"Good news! Instant referral payments are back. Earn 200F automatically for every successful referral. Reach 15 referrals and get an extra 5,000F bonus!",not_scam,,False,en,sms,verbatim,contributed,test
G-fe163b72,"Dear customer, Mobile Money services have now been restored. We apologize for the inconvenience caused and thank you for your loyalty.",not_scam,,False,en,sms,verbatim,contributed,train
G-285c08c2,"Dear Agent, to improve commercial efficiency, inter-region float transfers are charged 1% to the sender from 29.07.2026. More info: 8403",not_scam,,False,en,sms,verbatim,contributed,train
G-98db3d94,Bienvenue sur PlayVOD! Profitez des meilleurs films et series. ACCES: hxxps://c-up[.]me/ue1fb2 LOGIN : [CREDENTIAL] PASS : [CREDENTIAL] Cout: 200F/jour (ou moins selon votre credit),not_scam,,False,fr,sms,verbatim,contributed,train
G-84d12151,Yello! Votre credit est insuffisant pour souscrire au service PlayVOD. Veuillez recharger votre compte puis composez le […],not_scam,,False,fr,sms,verbatim,contributed,train
G-c192abe0,"Votre abonnement au Service PlayVOD est actuellement annule. Pour le reactiver, envoyez PV au 8710.",not_scam,,False,fr,sms,verbatim,contributed,train
G-f3279239,Your Zoom code is: [CODE]. Do not share.,not_scam,,False,en,sms,verbatim,contributed,train
G-58446898,Veuillez entrer le numéro [CODE] pour continuer la procédure de pré-enrolement dans les 300 secondes. DGSN Please enter the number [CODE] to continue the pre-enrolment process within 300 seconds. GDNS,not_scam,,False,mixed,sms,verbatim,contributed,train
G-827e2a55,PROMO EXCLUSIVE!! Make an airtime refill of at least 100F and receive a BONUS of up to 2500U! For all your MTN calls. to check your BONUS dial […],not_scam,,False,en,sms,verbatim,contributed,train
G-3b167e69,"Yello, your Momo Advance limit has been decreased. Your new limit is 200F. T&C: bit[.]ly/cm-ma",not_scam,,False,en,sms,verbatim,contributed,test
G-1246aef9,"Yello, your Momo Advance limit has been decreased. Your new limit is 100F. T&C: bit[.]ly/cm-ma",not_scam,,False,en,sms,verbatim,contributed,test
G-566fd34f,Your Amazon Web Services (AWS) verification code is: [CODE],not_scam,,False,en,sms,verbatim,contributed,train
G-791974d8,First job = struggles & traps. Want to avoid them? Join Yamo Class LIVE tomorrow at 1PM on TikTok & Facebook. Real tips to get ahead,not_scam,,False,en,sms,verbatim,contributed,train
G-8bf9ece6,"YaMo Pitch registrations have been extended! Students, be among the 500 selected projects, apply before June 30 here: hxxps://bit[.]ly/4vsdBlR",not_scam,,False,en,sms,verbatim,contributed,train
G-fcacfe60,Got your diploma... what's next? Discover how to choose the right path for your future. Yamo Class is coming. Stay tuned!,not_scam,,False,en,sms,verbatim,contributed,train
G-51ea4038,Do you need to be a SUSPENDU to dress well? Let's talk about it at Yamo Class! Sept 30 at 1PM on Facebook & TikTok.,not_scam,,False,en,sms,verbatim,contributed,train
G-f0f62039,Enjoy avec MTN ZIK! Choisis ta musique preferée en sonnerie d'attente pour tes appelants à seulement 150/30jours. Tape tel:*192# dès maintenant Tape tel:*192*24# pour telecharger le son de MHD ft Fally Ipupa. Appelez le 8706 (gratuit) mtnzik[.]cm,not_scam,,False,fr,sms,verbatim,contributed,train
G-592e3da5,Your Outlier verification code is: [CODE] Dont share this code with anyone; our employees will never ask for the code,not_scam,,False,en,sms,verbatim,contributed,train
G-dad767ea,Your Ring verification code is: [CODE]. Dont share this code with anyone; our employees will never ask for the code.,not_scam,,False,en,sms,verbatim,contributed,test
G-281ba6bf,[CODE] is your Link verification code,not_scam,,False,en,sms,verbatim,contributed,train
G-cb7e5fad,[CODE] is your Google verification code.,not_scam,,False,en,sms,verbatim,contributed,train
G-e166c7f2,Your application #[ID] was completed. Passport #[ID] is ready to be collected at the same enrolment center where the demand was made. GDNS,not_scam,,False,en,sms,verbatim,contributed,train
G-4a4caf38,"Yello POS! You can now check details of your sales and performances, track your MoMo transactions via chatbot 24/7.Try it now! hxxps://wa[.]me/[TXN_ID]",not_scam,,False,en,sms,verbatim,contributed,train
G-1cefd2c8,"Alerte de carte [ID] Date:25-09-2026 03:04 Note:Felicitations.Votre nouvelle carte UBA CM-UNICS PLC - Segment II a ete activee. Pour tout besion d'information, […]",not_scam,,False,fr,sms,verbatim,contributed,train
G-db1d9056,Carte [ID] Note:Chargement effectue par UNICS PLC Received Cr XAF 4.000 Date:25-09-2026 03:54 Solde XAF 3.500,not_scam,,False,mixed,sms,verbatim,contributed,test
G-96b5aac4,Do not share this OTP. The OTP for UBA Mobile Banking is [CODE]. If you did not request this code. please call CFC […],not_scam,,False,en,sms,verbatim,contributed,train
G-b2c73cd1,"Back-to-school is here! Pay for your AI subscriptions with the MoMo Virtual Card. Get yours for 2,500F via […] or via the App: link[.]mtn[.]cm/NewMoMoAppRef",not_scam,,False,en,sms,verbatim,contributed,train
G-c6325310,"Subscribe to 250U=500MB/3D and get a 1000U NJOOOH BONUS ON TOP! Yes, you read that right! Subscribe now on *237# and enjoy your 1000U BONUS!",not_scam,,False,en,sms,verbatim,contributed,train
G-ced109de,"Congratulations! Following your bundle purchase on *237#, you have unlocked 2500U Bonus valid 3 days. Check your balance on […]",not_scam,,False,en,sms,verbatim,contributed,test
G-09531163,"[NAME], We have a surprise of 2500U for you! To unlock it, go to *237# and buy the bundle 500U=1.2GB/30D.",not_scam,,False,en,sms,verbatim,contributed,train
G-aef6bf52,"You've received a 2500U BONUS! dial *159*16# to see it. But you have to Unlock your bonus by subscribing to 500U=1.2GB/30D via *237#. Hurry, don't miss out!",not_scam,,False,en,sms,verbatim,contributed,train
G-c0dba087,"[NAME], We have a surprise of 1000U for you! To take it, go to *237# and buy the bundle 250U=500MB/3D.",not_scam,,False,en,sms,verbatim,contributed,train
G-b8e74749,Tu organises un evenement? Tu veux informer tous tes contacts? Affiche un message chez tous ceux qui t'appellent pour 250U/ mois seulement. Reponds OK ou compose […],not_scam,,False,fr,sms,verbatim,contributed,train
G-dc7ab420,"Nous sommes le continent !"" Et si c'était TON message? Personnalise ton statut et affiche ton message a tous ceux qui t'appellent. Seulement 250U/mois. Réponds OK ou Compose tel:*175# ou hxxps://mtnzik[.]cm pour activer",not_scam,,False,fr,sms,verbatim,contributed,train
G-1e8f0f57,"MTN MoMo TIPS: 1. Before registering a customer, explain the benefits: a) Buy Airtime/Bundles (*126*0#). b) Send money with Zero fees excluding Tax (Make a deposit for them) c) Pay bills (ENEO, CAMWATER...) 2. A real customer who uses MoMo earns you more in commissions than fraudulent activations. A GOOD ACTIVATION = REAL and SUSTAINABLE MoMo revenue. 3. A GOOD ACTIVATION = a) A real customer identity + a valid ID. b) Using the customer's own phone and SIM card. c) Informed customer consent. d) A clear explanation of MoMo services. e) The customer performs his first real transaction",not_scam,,False,en,sms,verbatim,contributed,train
G-3443821c,Out of credit and need some help? Dial *121# now to borrow some airtime and keep in touch with your love ones.,not_scam,,False,en,sms,verbatim,contributed,train
G-17aa1839,"50,000F to win every hour with TOP DEALS! Dial […], subscribe to a top deal bundle from 237U and enjoy an instant bonus + a chance to win cash!",not_scam,,False,en,sms,verbatim,contributed,train
G-1ae63cb1,"Level Up with TOP DEALS! Dial *237# subscribe to top deal from 237U, enjoy an instant bonus and stand a chance to win 50,000F every hour for back to school!",not_scam,,False,en,sms,verbatim,contributed,train
G-2c0f9f07,"Your Top Deals bundle could be your lucky one! Subscribe to top deal from 237U via *237# and stand a chance to win 50,000F every hour",not_scam,,False,en,sms,verbatim,contributed,test
G-1284f6b7,"Hot Sons sur MTN ZIK Fais monter l'ambiance de tes appels avec les sons les plus chauds du moment Reponds 1,2,3,4 ou 5 pour télécharger: 1 - Appelez les de Shapat 2 - I don die de Professeur Ndjasso 3 - Canada de Shapat 4 - Tous les jours de Shapat 5 - Je vais prendre de Professeur Ndjasso c'est 150U/30jrs",not_scam,,False,fr,sms,verbatim,contributed,train
G-4d313ad9,Fan de Krys M? Cette Box est faite pour toi! Profite d'une sélection de 5 titres incontournables de Tayc Krys M pour seulement 250F/30J. Réponds 11 12 13 14 15 ou 16 et téléchargez: 11 - Krys M Mix 12 - KRYS M BOX HOT 13 - KRYS M BOX AMOUR 14 - KRYS M BOX SUCCES 15 - KRYS M BOX ESPOIR 16 - KRYS M BOX BUZZ,not_scam,,False,fr,sms,verbatim,contributed,train
G-618bd0e2,Tape tel:*192*2# pour telecharger PILE de Mauvais Djo Plus de ZIKS sur mtnzik[.]cm Appelle le tel:8706 (gratuit),not_scam,,False,fr,sms,verbatim,contributed,train
G-ad3ef3fd,ZIKTONE MUSIC BATTLE Appelez les (Shapat) VS Tchokorobo (Elang City) 10 minutes d'appels gratuits pour chaque membre de l'equipe gagnante! Tape *192# pour telecharger ta musique preferee en sonnerie d'attente et tenter de faire partie de l'equipe gagnante,not_scam,,False,fr,sms,verbatim,contributed,train
G-d9b3537d,<#> Your WhatsApp code: [CODE] Don't share this code with others,not_scam,,False,en,sms,verbatim,contributed,train
