id,label,operator,sender_shown,line_type,message_kind,message_text,message_language,times_seen,source
G-ed68fdb0,not_scam,mtn,Njoh Bonus,consumer,promo,Get up to 5000U bonus when you buy a bundle from 100U. Dial *222# to enjoy this limited-time offer,en,1,contributed
G-4f6e3d9b,not_scam,mtn,Njoh Bonus,consumer,promo,Get MORE bonus for Less! Take a voice bundle of your choice and get up to 5000U BONUS! Claim it now on *222*0# and stand a chance to win a laptop+Hombox+50000F,en,1,contributed
G-a25b0a65,not_scam,mtn,Njoh Bonus,consumer,promo,Don't miss this! Choose your PREFERED VOICE BUNDLES receive up to 5000U BONUS. Dial *222*0# now to enjoy this and stand a chance to win a laptop+Hombox+50000F,en,1,contributed
G-5b6532c6,not_scam,mtn,Njoh Bonus,consumer,promo,Only few days left to enjoy up to 5000U bonus! Buy any bundle from 100U via *222#. Don't miss out and stand a chance to win a laptop+Hombox+50000F,en,1,contributed
G-2d10759b,not_scam,mtn,Njoh Bonus,consumer,promo,EXCLUSIVE BONUS just for you! Up to 5000U FREE BONUS. Hurry! Dial *222*0# now to enjoy this exclusive offer and stand a chance to win a laptop+Hombox+50000F,en,1,contributed
G-d4af0b93,not_scam,camtel,CamtelEVC,consumer,airtime_topup,You [PHONE:620-ewejep] received 200.00 FCFA of top-up. TransactionID is [TXN_ID],en,2,contributed
G-78ca1be5,not_scam,camtel,CamtelEVC,consumer,airtime_topup,"You [PHONE:620-ewejep] received 3,000.00 FCFA of top-up. TransactionID is [TXN_ID]",en,2,contributed
G-9fa40fb7,not_scam,mtn,MonTopDeal,consumer,promo,"Over 1 million FCFA to share every day to Level Up! Subscribe to a Top Deal bundle from 237U and stand a chance to win 50,000F every hour. Dial *237#",en,2,contributed
G-47f4922a,not_scam,mtn,StarNews,consumer,service_subscription,"Fatigué qu'on espionne tes secrets sur WhatsApp ? Voici la clé de secours ! La vidéo qui te montre tout est sur Flash Tech au *031*42#. 1jr gratuit, 250F/sem.",fr,1,contributed
G-5622405c,not_scam,mtn,StarNews,consumer,service_subscription,L'amour fait mal woyoooo ! Il compare la go à 1 tomate pourrie et prend une gifle. Wanda sur l'humour de Carles Antonio au *031*177# et ne rate pas l'exclusivité ci.,fr,1,contributed
G-2d384180,not_scam,mtn,StarNews,consumer,service_subscription,"Mais les femmes connaissent se plaindre pour rien ! Quel est ce scandale qu'elle crée pour Ça ? Wanda sur WAYS DU MBOA au *031*18#. 1 jr gratuit offert, puis 250U/semaine.",fr,1,contributed
G-dc1a4ff8,not_scam,mtn,StarNews,consumer,promo,"On ne t'oublie pas au kwat ! Tente ta chance pour les 20.000F de la rentrée. Tape *031*18#,abonne-toi et WIN . 1 jr gratuit offert, puis 250U/ semaine.",fr,1,contributed
G-86367d6a,not_scam,mtn,WeekendDose,consumer,promo,"Level up ! Win 8,000F/day with the New MoMo App. Refer 15 friends daily and receive your CASH the next day. Download here: link[.]mtn[.]cm/NewMoMoAppRef",en,1,contributed
G-fb33728e,not_scam,mtn,WeekendDose,consumer,promo,"Plenty bonus! 1GB njoh on the NewMoMoApp. Download, log in, make a transaction, then get 1GB valid for 24h the next day. Download: link[.]mtn[.]cm/NewMoMoAppRef",en,1,contributed
G-97c9dc66,not_scam,mtn,WeekendDose,consumer,promo,1Go BONUS is waiting for you! Barca or Real? Yamal or Mbappe? The first matches are coming. 200F= NewWorld+ 3Go Streaming. Be there to watch them! Dial *280*16#,en,1,contributed
G-b70bd110,not_scam,mtn,WeekendDose,consumer,promo,"1GB BONUS! 6 big games, 3 leagues. Real, Barca, United, City... European football is back on MTN TV! 200F=NewWorld+3GB streaming. Dial *280*16#",en,1,contributed
G-4ce9381f,not_scam,mtn,Reviens,consumer,promo,UNBELIEVABLE!! Make an airtime refill of at least 100F and receive a BONUS of up to 500Mb. to check your BONUS dial *159*66#,en,1,contributed
G-a9b55c73,not_scam,mtn,Reviens,consumer,promo,PROMO EXCLUSIVE!! Make an airtime refill of at least 100F and receive a BONUS of up to 2500U! For all your MTN calls. to check your BONUS dial *159*66#,en,1,contributed
G-fa0db695,not_scam,mtn,Reviens,consumer,promo,It's been a while that you did not chat with your loved ones. Purchase any bundle on *222# now to get up to 5000U BONUS and get latest family updates,en,2,contributed
G-2235dedd,not_scam,mtn,Reviens,consumer,promo,Some people miss hearing from you. Enjoy up to 5000U Bonus to contact them by purchasing any bundle on *222# now,en,1,contributed
G-c25093e0,not_scam,mtn,Ma Langue,consumer,service_subscription,"You understand your language, but do you really dare to speak it? With BIBALA, learn while having fun and speak with confidence from 250F. Dial 28036# and start",en,1,contributed
G-b4ea4290,not_scam,mtn,Ma Langue,consumer,service_subscription,"Want to speak Bassa, Ewondo, Fulfulde, or Douala with more confidence? Learn word by word at your own pace from 250F. Dial *280*36#",en,1,contributed
G-ead77025,not_scam,mtn,BIBALA,consumer,service_subscription,Cameroon has more than 250 languages. Yours deserves to be passed on. Discover BIBALA. Learn your language for 100 FCFA for 7 days. Dial *280*36# now,en,1,contributed
G-bacc4d3c,not_scam,mtn,TheHotTip,consumer,promo,Quick tip: 1. Dial *126*0# 2. Chosse bundle and find your 500U = 1GB / 30D+100MB/30D 3. Subscribe vand pay via MoMo = 250MB GIFTED. Easy right?,en,1,contributed
G-963fd0cb,not_scam,mtn,TheHotTip,consumer,promo,Hot tip: your bundle 500U = 1GB / 30D+100MB/30D is now available on your phone with MoMo Deals! Subscribe at *126*0# and get 250MB for FREE.,en,1,contributed
G-e0ee5adf,not_scam,mtn,TheHotTip,consumer,promo,"Same bundle, extra bonus: subscribe your 500U = 1GB / 30D+100MB/30D on MoMo Deals instead and earn 250MB in addition. That's the Hot tip!",en,1,contributed
G-bf9c7b87,not_scam,mtn,TheHotTip,consumer,promo,Are you going to miss out? It's the same bundle with more BONUS: 500U=1GB+200MB/30D on *126*0#. And because it's you. WE ADD 250MB!,en,1,contributed
G-e9b5c150,not_scam,mtn,DEPANNAGE,consumer,promo,"Yes, it works!!! Even if you have 0F, buy your bundle now, and pay later with MoMo!, Dial *126# select 3 then 3 to try.",en,1,contributed
G-22807b0e,not_scam,mtn,DEPANNAGE,consumer,loan_offer,0 airtime and 0F in your MoMo wallet? You can still browse and stay connected! Buy your bundle now and repay after your next deposit. dial *126# > 3 > 3.,en,2,contributed
G-beee0e30,not_scam,mtn,DEPANNAGE,consumer,loan_offer,0 airtime and 0F in your MoMo wallet? You can still browse and stay connected! Buy your bundle now and repay after your next deposit. dial *126# > 3 > 3,en,2,contributed
G-a8f5516c,not_scam,mtn,MOMOCARE,consumer,security_tip,"Dear Customer. You can check your last 5 transactions statement by dialing *126# , then 7, then 1 and 2 .More info: [NUMBER]or via MoMo App: bit[.]ly/MoMoAppCEXSB!",en,1,contributed
G-4c2cadfe,not_scam,mtn,MOMOCARE,consumer,security_tip,"Transfer error? Don't panic! Recover your money by cancelling the operation yourself. Type *126#, then 7, then 5. More info: [NUMBER]",en,1,contributed
G-a89d880c,not_scam,mtn,MOMOCARE,consumer,security_tip,"Transfer mistake? Don't panic! Recover your money yourself via the MoMo App: bit[.]ly/MoMoAppCEXS under the Money Transfer section, or dial *126*6*6#.",en,1,contributed
G-0dfca322,not_scam,mtn,MOMOKASH,consumer,loan_advance,"You've received a MOMOKASH loan worth 5300.0FCFA from ORIS Finance. Amount to be refunded is 5698.0FCFA before 06/08/2026 otherwise we proceed to automatic deduction which includes a penalty fee. Momo Transaction ID : [TXN_ID], Loan ID : [TXN_ID]. Date: 2026-07-22 12:57:45 the EGR of the loan 0.042% per day. Current debt : 5698.0FCFA. To refund, dial *126# ou *126# and select option 6",en,1,contributed
G-70dbb8ea,not_scam,mtn,MOMOKASH,consumer,loan_repayment,"ORIS Finance thank you for the repayment of 6126 FCFA from your loan MOMOKASH, Momo Transaction ID : [TXN_ID]. Refund ID : [TXN_ID]. Date: 2026-08-06 20:56:01. You have totally refunded your entire loan. Redial *036# or *126# and select option 6 to take a loan. Consult the general conditions at: hxxps://urlr[.]me/hrZAfc",en,1,contributed
G-10dd2ef6,not_scam,mtn,MTN Care,consumer,account_notice,"For a more convenient support from MTN, dial 8449 and get assisted with ease.",en,1,contributed
G-1d99620b,not_scam,mtn,MobileMoney,consumer,account_notice,Current balance: 32498 FCFA ; Available balance: 32498 FCFA ; Airtime balance: 0 FCFA ; MTN MoMo Gift Balance: 0.,en,1,contributed
G-ccdcf4b8,not_scam,mtn,MobileMoney,consumer,agent_withdrawal,"You [NAME] ([PHONE:676-yjsmxu]) have via agent: [NAME] ([PHONE:672-udcyaj]), withdrawn 18000 XAF from your mobile money account: [ACCOUNT] at 2026-10-02 19:26:01 and you can now collect your money in cash. Your new balance: 14278 XAF. Fee paid: 220 XAF. Message from agent: BUNDLE_OUT:NULL. Financial Transaction Id: [TXN_ID]. Back-to-School is Here... MoMo Got You! For any transactions from XAF 5,237, stand a chance to win everyday : A Laptop + XAF 50,000 + a Home Box every day. Dial *126*6# or download the New MoMo App : link[.]mtn[.]cm/NewMoMoAppRef. More info: 8787 | WhatsApp 650 528 787",en,2,contributed
G-45ff17df,not_scam,mtn,Mobile Money,consumer,agent_withdrawal,"You [NAME] ([PHONE:674-aqsbnb]) have via agent: [NAME] ([PHONE:671-ncttdm]), withdrawn 500 XAF from your mobile money account: [ACCOUNT] at 2026-09-20 23:23:52 and you can now collect your money in cash. Your new balance: 267 XAF. Fee paid: 54 XAF. Message from agent: BUNDLE_OUT:NULL. Financial Transaction Id: [TXN_ID]. Back-to-School is Here... MoMo Got You! For any transactions from XAF 5,237,  stand a chance to win everyday : A Laptop + XAF 50,000 + a Home Box every day. Dial *126*6# or download the New MoMo App : link[.]mtn[.]cm/NewMoMoAppRef. More info: 8787 | WhatsApp 650 528 787",en,2,contributed
G-f160b938,not_scam,bank,ECOBANK,consumer,bank_alert,"XAF 1,000.00 Débit du cpte [ACCOUNT] REF:[TXN_ID] FRAIS DE PACKAGE COMPTE D EPARGNE on 02-JAN-26. Votre solde disponible est XAF 37,783.00. Gardez votre mot de passe et votre code PIN confidentiels.",fr,2,contributed
G-1a3cd3a3,not_scam,bank,ECOBANK,consumer,bank_alert,"XAF 193.00 Débit du cpte [ACCOUNT] REF:[TXN_ID] FRAIS DE PACKAGE COMPTE D EPARGNE on 02-JAN-26. Votre solde disponible est XAF 37,590.00. Gardez votre mot de passe et votre code PIN confidentiels.",fr,2,contributed
G-df18ec73,not_scam,bank,ECOBANK,consumer,bank_alert,"XAF 220.00 Crédit au cpte [ACCOUNT] REF:[TXN_ID] INTERETS SUR COMPTES EPARGNES on 01-OCT-26. Votre solde disponible est XAF 35,875.00. Gardez votre mot de passe et votre code PIN confidentiels.",fr,1,contributed
G-acd36d3a,not_scam,mtn,Mobile Money,consumer,money_received,1Go Njoh! if you download and log into the New MoMoApp. Link: link[.]mtn[.]cm/NewMoMoAppRef. You have received 5000 XAF of [NAME] ([PHONE:650-rbtupe] [NAME]) on your Mobile Money 2026-09-30 16:54:43 account. Message from the sender: . Your new balance is 0 XAF. Fee Paid: 0 XAF. Transaction ID: [TXN_ID],en,3,contributed
G-00f1e6ed,not_scam,mtn,Mobile Money,consumer,money_received,1Go Njoh! if you download and log into the New MoMoApp. Link: link[.]mtn[.]cm/NewMoMoAppRef. You have received 1100 XAF of [NAME] ([PHONE:674-ucybbk] [NAME]) on your Mobile Money 2026-09-14 19:55:18 account. Message from the sender: . Your new balance is 0 XAF. Fee Paid: 0 XAF. Transaction ID: [TXN_ID],en,3,contributed
G-8fe321d2,not_scam,mtn,Mobile Money,consumer,money_received,1Go Njoh! if you download and log into the New MoMoApp. Link: link[.]mtn[.]cm/NewMoMoAppRef. You have received 5000 XAF of [NAME] ([PHONE:671-vpcxnr] [NAME]) on your Mobile Money 2026-09-17 20:40:57 account. Message from the sender: . Your new balance is 1935 XAF. Fee Paid: 0 XAF. Transaction ID: [TXN_ID],en,3,contributed
G-2709a19d,not_scam,mtn,Mobile Money,consumer,money_sent,"You have transferred 2200 XAF to [NAME] ([PHONE:671-guawdw]) from your mobile money account [ACCOUNT] at 2026-09-12 13:27:31 FEES 8 FCFA. Your new balance: 0 XAF. Message from sender: 1. Message to receiver: . Financial Transaction Id: [TXN_ID]. Back-to-School is Here... MoMo Got You! For any transactions from XAF 5,237,  stand a chance to win everyday : A Laptop + XAF 50,000 + a Home Box every day. Dial *126*6# or download the New MoMo App : link[.]mtn[.]cm/NewMoMoAppRef. More info: 8787 | WhatsApp 650 528 787",en,3,contributed
G-2e3d20c2,not_scam,mtn,Mobile Money,consumer,money_sent,"You have transferred 650 XAF to [NAME] ([PHONE:672-zvuhug]) from your mobile money account [ACCOUNT] at 2026-09-13 19:46:48 FEES 0 FCFA. Your new balance: 0 XAF. Message from sender: 1. Message to receiver: . Financial Transaction Id: [TXN_ID]. Back-to-School is Here... MoMo Got You! For any transactions from XAF 5,237,  stand a chance to win everyday : A Laptop + XAF 50,000 + a Home Box every day. Dial *126*6# or download the New MoMo App : link[.]mtn[.]cm/NewMoMoAppRef. More info: 8787 | WhatsApp 650 528 787",en,3,contributed
G-d4634ece,not_scam,mtn,Mobile Money,consumer,money_sent,"You have transferred 850 XAF to [NAME] ([PHONE:671-guawdw]) from your mobile money account [ACCOUNT] at 2026-09-16 10:01:55 FEES 5 FCFA. Your new balance: 213 XAF. Message from sender: 1. Message to receiver: . Financial Transaction Id: [TXN_ID]. Back-to-School is Here... MoMo Got You! For any transactions from XAF 5,237,  stand a chance to win everyday : A Laptop + XAF 50,000 + a Home Box every day. Dial *126*6# or download the New MoMo App : link[.]mtn[.]cm/NewMoMoAppRef. More info: 8787 | WhatsApp 650 528 787",en,3,contributed
G-1ba5b426,not_scam,mtn,Mobile Money,consumer,money_received,You have received 2000 XAF from ENNOVATIVE GAMING ([PHONE:652-zzxrgk]) on your mobile money account at 2026-09-13 18:27:34. Message from sender: Withdraw from Betpawa. Your new balance:0 XAF. Financial Transaction Id: [TXN_ID],en,1,contributed
G-e722ce93,not_scam,mtn,Mobile Money,consumer,loan_repayment,The amount 1976 XAF has been repaid from your account FRI:[ACCOUNT]/MM on 2026-09-13 18:27:34. Financial transaction id: [TXN_ID],en,4,contributed
G-9c6efb73,not_scam,mtn,Mobile Money,consumer,loan_repayment,The amount 1100 XAF has been repaid from your account FRI:[ACCOUNT]/MM on 2026-09-14 19:55:18. Financial transaction id: [TXN_ID],en,4,contributed
G-59f14af3,not_scam,mtn,Mobile Money,consumer,loan_repayment,The amount 4354 XAF has been repaid from your account FRI:[ACCOUNT]/MM on 2026-09-15 18:52:59. Financial transaction id: [TXN_ID],en,4,contributed
G-293acea7,not_scam,mtn,Mobile Money,consumer,otp_code,"<#> Y'ello. Please enter the following code :[CODE] to complete your login. Be careful, do not share with anyone. RdbS6eMOXvx > N/RywfrtIZL> l+/DM+Y0kqw L9X0x07s5X9 +BQ+l2vBZvQ 071KQ0fm1I6",en,6,contributed
G-152f2add,not_scam,mtn,Mobile Money,consumer,money_sent,"You have transferred 1100 XAF to [NAME] ([PHONE:670-beejnx]) from your mobile money account [ACCOUNT] at 2026-09-13 19:42:10 FEES 6 FCFA. Your new balance: 0 XAF. Message from sender: . Message to receiver: . Financial Transaction Id: [TXN_ID]. Back-to-School is Here... MoMo Got You! For any transactions from XAF 5,237,  stand a chance to win everyday : A Laptop + XAF 50,000 + a Home Box every day. Dial *126*6# or download the New MoMo App : link[.]mtn[.]cm/NewMoMoAppRef. More info: 8787 | WhatsApp 650 528 787",en,9,contributed
G-b64a5e91,not_scam,mtn,Mobile Money,consumer,money_sent,"You have transferred 1050 XAF to [NAME] ([PHONE:679-vebcxv]) from your mobile money account [ACCOUNT] at 2026-09-15 14:01:30 FEES 6 FCFA. Your new balance: 0 XAF. Message from sender: . Message to receiver: . Financial Transaction Id: [TXN_ID]. Back-to-School is Here... MoMo Got You! For any transactions from XAF 5,237,  stand a chance to win everyday : A Laptop + XAF 50,000 + a Home Box every day. Dial *126*6# or download the New MoMo App : link[.]mtn[.]cm/NewMoMoAppRef. More info: 8787 | WhatsApp 650 528 787",en,9,contributed
G-739d71d8,not_scam,mtn,Mobile Money,consumer,money_sent,"You have transferred 600 XAF to [NAME] ([PHONE:679-bbzqyh]) from your mobile money account [ACCOUNT] at 2026-09-15 17:50:49 FEES 5 FCFA. Your new balance: 0 XAF. Message from sender: . Message to receiver: . Financial Transaction Id: [TXN_ID]. Back-to-School is Here... MoMo Got You! For any transactions from XAF 5,237,  stand a chance to win everyday : A Laptop + XAF 50,000 + a Home Box every day. Dial *126*6# or download the New MoMo App : link[.]mtn[.]cm/NewMoMoAppRef. More info: 8787 | WhatsApp 650 528 787",en,9,contributed
G-8beaf21f,not_scam,mtn,Mobile Money,consumer,merchant_debit,"A transaction of 50 XAF by MTNC BUNDLES_FORFAITS   (MTN_Bundles) on your mobile money account successfully completed at 2026-09-15 11:33:07. The amount was subject to a discount of 0 and coupons worth 0. Message from debit receiver: . Your new balance:0 XAF. Fee was 0 XAF, loyalty fee was 0 and loyalty reward was 0. Financial Transaction Id: [TXN_ID]. External Transaction Id: [TXN_ID].  Borrow up to 100,000 FCFA in advance in just seconds for your transactions. Dial *126*6# or access the new MoMo App here:link[.]mtn[.]cm/NewMoMoAppRef",en,8,contributed
G-f083f101,not_scam,mtn,Mobile Money,consumer,merchant_debit,"A transaction of 50 XAF by MTNC BUNDLES_FORFAITS   (MTN_Bundles) on your mobile money account successfully completed at 2026-09-16 07:43:41. The amount was subject to a discount of 0 and coupons worth 0. Message from debit receiver: . Your new balance:1068 XAF. Fee was 0 XAF, loyalty fee was 0 and loyalty reward was 0. Financial Transaction Id: [TXN_ID]. External Transaction Id: [TXN_ID].  Borrow up to 100,000 FCFA in advance in just seconds for your transactions. Dial *126*6# or access the new MoMo App here:link[.]mtn[.]cm/NewMoMoAppRef",en,8,contributed
G-3f391e37,not_scam,mtn,Mobile Money,consumer,merchant_debit,"A transaction of 1000 XAF by MTNC BUNDLES_FORFAITS   (MTN_Bundles) on your mobile money account successfully completed at 2026-09-17 07:30:42. The amount was subject to a discount of 0 and coupons worth 0. Message from debit receiver: . Your new balance:0 XAF. Fee was 0 XAF, loyalty fee was 0 and loyalty reward was 0. Financial Transaction Id: [TXN_ID]. External Transaction Id: [TXN_ID].  Borrow up to 100,000 FCFA in advance in just seconds for your transactions. Dial *126*6# or access the new MoMo App here:link[.]mtn[.]cm/NewMoMoAppRef",en,8,contributed
G-18f5247a,not_scam,mtn,Mobile Money,consumer,loan_advance,"You have received an advance of 50XAF on 2026-09-15 11:33:07 from MMC to repay with Access Fee:1XAF  Fee:0.5% daily,Max Fee:18.5% Transact ID:[TXN_ID] EGR:186.0. Your transaction is pending, wait for final SMS",en,6,contributed
G-29708bd5,not_scam,mtn,Mobile Money,consumer,loan_advance,"You have received an advance of 1000XAF on 2026-09-17 07:30:42 from MMC to repay with Access Fee:35XAF  Fee:0.5% daily,Max Fee:18.5% Transact ID:[TXN_ID] EGR:186.0. Your transaction is pending, wait for final SMS",en,6,contributed
G-9682a565,not_scam,mtn,Mobile Money,consumer,loan_advance,"You have received an advance of 50XAF on 2026-09-17 13:12:44 from MMC to repay with Access Fee:1XAF  Fee:0.5% daily,Max Fee:18.5% Transact ID:[TXN_ID] EGR:186.0. Your transaction is pending, wait for final SMS",en,6,contributed
G-843bb025,not_scam,mtn,Mobile Money,consumer,money_received,You have received 7500 XAF from [NAME] ([PHONE:654-qymdqw]) on your mobile money account at 2026-09-15 18:52:59. Message from sender: same . Your new balance:3146 XAF. Financial Transaction Id: [TXN_ID],en,1,contributed
G-9ad85438,not_scam,mtn,Mobile Money,consumer,merchant_debit,"A transaction of 1000 XAF by ENNOVATIVE GAMING ([PHONE:652-nyqunw]) on your mobile money account successfully completed at 2026-09-15 19:19:46. The amount was subject to a discount of 0 and coupons worth 0. Message from debit receiver: Deposit to [PHONE:674-aqsbnb]. Your new balance:2132 XAF. Fee was 14 XAF, loyalty fee was 0 and loyalty reward was 0. Financial Transaction Id: [TXN_ID]. External Transaction Id: [TXN_ID].  Borrow up to 100,000 FCFA in advance in just seconds for your transactions. Dial *126*6# or access the new MoMo App here:link[.]mtn[.]cm/NewMoMoAppRef",en,3,contributed
G-e549ba37,not_scam,mtn,Mobile Money,consumer,merchant_debit,"A transaction of 1000 XAF by ENNOVATIVE GAMING ([PHONE:652-nyqunw]) on your mobile money account successfully completed at 2026-09-15 21:55:58. The amount was subject to a discount of 0 and coupons worth 0. Message from debit receiver: Deposit to [PHONE:674-aqsbnb]. Your new balance:1118 XAF. Fee was 14 XAF, loyalty fee was 0 and loyalty reward was 0. Financial Transaction Id: [TXN_ID]. External Transaction Id: [TXN_ID].  Borrow up to 100,000 FCFA in advance in just seconds for your transactions. Dial *126*6# or access the new MoMo App here:link[.]mtn[.]cm/NewMoMoAppRef",en,3,contributed
G-6b8be5c3,not_scam,mtn,Mobile Money,consumer,merchant_debit,"A transaction of 1000 XAF by ENNOVATIVE GAMING ([PHONE:652-nyqunw]) on your mobile money account successfully completed at 2026-09-19 14:11:33. The amount was subject to a discount of 0 and coupons worth 0. Message from debit receiver: Deposit to [PHONE:674-aqsbnb]. Your new balance:871 XAF. Fee was 14 XAF, loyalty fee was 0 and loyalty reward was 0. Financial Transaction Id: [TXN_ID]. External Transaction Id: [TXN_ID].  Borrow up to 100,000 FCFA in advance in just seconds for your transactions. Dial *126*6# or access the new MoMo App here:link[.]mtn[.]cm/NewMoMoAppRef",en,3,contributed
G-f7c1b06b,not_scam,mtn,unknown,merchant_agent,merchant_debit,"A transaction of 250 XAF by MTNC BUNDLES_FORFAITS   (MTN_Bundles) on your mobile money account successfully completed at 2026-09-30 19:25:54. The amount was subject to a discount of 0 and coupons worth 0. Message from debit receiver: . Your new balance:3 XAF. Fee was 0 XAF, loyalty fee was 0 and loyalty reward was 0. Financial Transaction Id: [TXN_ID]. External Transaction Id: [TXN_ID].  Borrow up to 100,000 FCFA in advance in just seconds for your transactions. Dial *126*6# or access the new MoMo App here:link[.]mtn[.]cm/NewMoMoAppRef.",en,17,contributed
G-784103cc,not_scam,mtn,unknown,merchant_agent,merchant_debit,"A transaction of 500 XAF by MTNC BUNDLES_FORFAITS   (MTN_Bundles) on your mobile money account successfully completed at 2026-09-29 20:05:37. The amount was subject to a discount of 0 and coupons worth 0. Message from debit receiver: . Your new balance:253 XAF. Fee was 0 XAF, loyalty fee was 0 and loyalty reward was 0. Financial Transaction Id: [TXN_ID]. External Transaction Id: [TXN_ID].  Borrow up to 100,000 FCFA in advance in just seconds for your transactions. Dial *126*6# or access the new MoMo App here:link[.]mtn[.]cm/NewMoMoAppRef.",en,17,contributed
G-f58d8a6a,not_scam,mtn,unknown,merchant_agent,merchant_debit,"A transaction of 250 XAF by MTNC BUNDLES_FORFAITS   (MTN_Bundles) on your mobile money account successfully completed at 2026-09-29 08:23:55. The amount was subject to a discount of 0 and coupons worth 0. Message from debit receiver: . Your new balance:253 XAF. Fee was 0 XAF, loyalty fee was 0 and loyalty reward was 0. Financial Transaction Id: [TXN_ID]. External Transaction Id: [TXN_ID].  Borrow up to 100,000 FCFA in advance in just seconds for your transactions. Dial *126*6# or access the new MoMo App here:link[.]mtn[.]cm/NewMoMoAppRef.",en,17,contributed
G-6a4b6c03,not_scam,mtn,unknown,merchant_agent,security_tip,"Earn +25 XAF on every Cash Out made via your QR Code with MoMo App. 10 QR Cash Outs/day = +250 XAF daily. Faster, safer, fraud free. Switch to QR today!",en,8,contributed
G-2ebce844,not_scam,mtn,unknown,merchant_agent,agent_cash_out,Cash out initiated by [NAME] ([PHONE:676-scsyrd]) on DATETIME} is successfully completed. You can payout the amount: 500 XAF in cash to the customer. Transaction ID: [TXN_ID]| Message: Your new balance: 753 XAF. Added commission: 4 XAF.,en,3,contributed
G-0a7068dc,not_scam,mtn,unknown,merchant_agent,agent_cash_out,Cash out initiated by [NAME] ([PHONE:676-scsyrd]) on DATETIME} is successfully completed. You can payout the amount: 450 XAF in cash to the customer. Transaction ID: [TXN_ID]| Message: Your new balance: 503 XAF. Added commission: 4 XAF.,en,3,contributed
G-a1f5b0f8,not_scam,mtn,unknown,merchant_agent,agent_cash_out,Cash out initiated by [NAME] ([PHONE:676-scsyrd]) on DATETIME} is successfully completed. You can payout the amount: 650 XAF in cash to the customer. Transaction ID: [TXN_ID]| Message: Your new balance: 778 XAF. Added commission: 5 XAF.,en,3,contributed
G-0f1cab47,not_scam,mtn,unknown,merchant_agent,bill_payment,"Your payment of 500 XAF to MTN Bundle Boost has been completed at 2026-09-29 07:16:06. Your new balance: 53 XAF. Fee was 0 XAF. Message: Receiver's number(Numero destinataire) [PHONE:671-bqvcpz]. Transaction Id: [TXN_ID]. Back-to-School is Here... MoMo Got You! For any transactions from XAF 5,237,  stand a chance to win everyday : A Laptop + XAF 50,000 + a Home Box every day. Dial *126*6# or download the New MoMo App : link[.]mtn[.]cm/NewMoMoAppRef. More info: 8787 | WhatsApp 650 528 787.",en,1,contributed
G-36906596,not_scam,mtn,unknown,merchant_agent,agent_cash_out,BONUS X2! Make your Cash Out with QR and double your commissionCash out initiated by [NAME] ([PHONE:676-scsyrd]) on 2026-09-28 15:02:48 is successfully completed. You can payout the amount: 550 XAF in cash to the customer. Transaction ID: [TXN_ID]| Message: Your new balance: 550 XAF. Added commission: 5 XAF.,en,4,contributed
G-cba1dbf7,not_scam,mtn,unknown,merchant_agent,agent_cash_out,BONUS X2! Make your Cash Out with QR and double your commissionCash out initiated by [NAME] ([PHONE:676-scsyrd]) on 2026-09-23 00:12:54 is successfully completed. You can payout the amount: 500 XAF in cash to the customer. Transaction ID: [TXN_ID]| Message: Your new balance: 500 XAF. Added commission: 4 XAF.,en,4,contributed
G-67102535,not_scam,mtn,unknown,merchant_agent,agent_cash_out,BONUS X2! Make your Cash Out with QR and double your commissionCash out initiated by [NAME] ([PHONE:676-scsyrd]) on 2026-09-21 09:51:46 is successfully completed. You can payout the amount: 5500 XAF in cash to the customer. Transaction ID: [TXN_ID]| Message: Your new balance: 5500 XAF. Added commission: 34 XAF.,en,4,contributed
G-26e8294b,not_scam,mtn,unknown,merchant_agent,agent_cash_in,You have successfully cashed in 500 FCFA to [PHONE:681-buwsqm] on 2026-09-23 00:14:11. Transasction ref [TXN_ID] New account balance: 228 FCFA,en,5,contributed
G-f1d4f2e0,not_scam,mtn,unknown,merchant_agent,agent_cash_in,"You have successfully cashed in 5,100 FCFA to [PHONE:652-enwqbt] on 2026-09-21 09:53:31. Transasction ref [TXN_ID] New account balance: 778 FCFA",en,5,contributed
G-d065e0fa,not_scam,mtn,unknown,merchant_agent,agent_cash_in,You have successfully cashed in 550 FCFA to [PHONE:678-qpqcxx] on 2026-09-19 19:12:13. Transasction ref [TXN_ID] New account balance: 628 FCFA,en,5,contributed
G-f2996d0c,not_scam,mtn,unknown,merchant_agent,security_tip,"Earn +25 XAF on every Cash Out made via your QR Code with MoMo App. 10 QR Cash Outs/day = +250 XAF daily. Faster, safer, fraud free. Switch to QR today!.",en,5,contributed
G-7fe804a4,not_scam,mtn,unknown,merchant_agent,agent_cash_in,Cash in of 500 XAF on 2026-09-23 00:14:11 to [NAME] ([PHONE:681-buwsqm]) has been successfully completed. Transaction ID:[TXN_ID]. Message:. Your new balance: 228 XAF. Added commission:  .,en,1,contributed
G-ce4dcce8,not_scam,mtn,unknown,merchant_agent,agent_cash_in,Cash in of 5100 XAF on 2026-09-21 09:53:31 to [NAME] ([PHONE:652-enwqbt]) has been successfully completed. Transaction ID:[TXN_ID]. Message:. Your new balance: 778 XAF. Added commission: 9 XAF.,en,4,contributed
G-c972ec7c,not_scam,mtn,unknown,merchant_agent,agent_cash_in,Cash in of 550 XAF on 2026-09-19 19:12:13 to [NAME] ([PHONE:678-qpqcxx]) has been successfully completed. Transaction ID:[TXN_ID]. Message:. Your new balance: 628 XAF. Added commission: 1 XAF.,en,4,contributed
G-409df270,not_scam,mtn,unknown,merchant_agent,agent_cash_in,Cash in of 1000 XAF on 2026-09-16 17:41:34 to [NAME] ([PHONE:681-buwsqm]) has been successfully completed. Transaction ID:[TXN_ID]. Message:. Your new balance: 1228 XAF. Added commission: 1 XAF.,en,4,contributed
G-46ccbae3,not_scam,mtn,unknown,merchant_agent,merchant_debit,"A transaction of 200 XAF by LEEDTECH LTD ([PHONE:681-jmtnsq]) on your mobile money account successfully completed at 2026-09-15 22:34:01. The amount was subject to a discount of 0 and coupons worth 0. Message from debit receiver: Pay SMS Notification Fees. Your new balance:2528 XAF. Fee was 0 XAF, loyalty fee was 0 and loyalty reward was 0. Financial Transaction Id: [TXN_ID]. External Transaction Id: [TXN_ID].  Borrow up to 100,000 FCFA in advance in just seconds for your transactions. Dial *126*6# or access the new MoMo App here:link[.]mtn[.]cm/NewMoMoAppRef.",en,1,contributed
G-7778c85a,not_scam,mtn,8403,consumer,promo,Dial *281# and play the AFCON quiz daily. Answer 5 questions daily and stand a chance to win XAF 20000. Hurry up contest will end on 25 Jan.,en,1,contributed
G-199a48c9,not_scam,partner_brand,Tecno,consumer,promo,"Despite the Janviose, the joy stays plugged in. Get your Camon 40 with 52,000F deposit, then pay the rest gradually. Register on *244# and visit a TECNO store",en,1,contributed
G-e058776b,not_scam,partner_brand,Tecno,consumer,promo,"Now is the perfect time! Make a deposit of 20,000 F, get your TECNO POP10, and pay only 160 F per day. Register now on *244# and visit a TECNO store near you",en,1,contributed
G-82b41fcf,not_scam,partner_brand,Infinix,consumer,promo,"Your dream Infinix phone is now within reach. Deposit from 20,500 F, then only 165 F/day. Register on *244# and make your choice. Visit an Infinix store",en,1,contributed
G-4fd546ba,not_scam,partner_brand,EneoPrepaid,consumer,account_notice,"No token received? Get your last 3 tokens instantly without moving. Dial *126*21# then 3, enter your meter number then your PIN.",en,1,contributed
G-b4142c39,not_scam,mtn,Njoh data,consumer,promo,"250MB offered to you! No effort needed: turn on your data, surf for free instantly! Check your balance with *123*10*0#.",en,1,contributed
G-22939392,not_scam,mtn,MoMo Alert,consumer,other,"Dear Customer, MTN MoMo rewards your loyalty! 50% on all your transfers for 1 month! So what are you waiting for?? Dial *126# and enjoy! Life is good with MoMo",en,1,contributed
G-ecca2684,not_scam,mtn,MoMo Alert,merchant_agent,security_tip,"Warning ! Fraud is : 1. Using one phone for multiple activations/reactivations. Please activate & reactivate customers on their own devices only. 2. Rapid multiple activations/ reactivations at one site. Quality over speed! Rush = ZERO bonus. 3. Money Recycling: Move funds from your account to the customer's account, followed by a transfer to a merchant account. Fraudulent commissions will be cancelled",en,1,contributed
G-98b56f75,not_scam,mtn,Cash,consumer,loan_offer,"An unexpected expense to handle? No worries! With MoMo XtraCash, borrow up to 100,000F to cover your needs and pay back later. Dial *126# then 6 and 3.",en,1,contributed
G-2661d360,not_scam,online_service,Payoneer,consumer,otp_code,[CODE] is your verification code from Payoneer,en,1,contributed
G-19f8f1e7,not_scam,online_service,Youscribe,consumer,other,"Hope you're enjoying unlimited books during your 7 days for 100F! You weren't among the first 1,000 activations this time, but get ready for next weekend!",en,1,contributed
G-f6a0460b,not_scam,online_service,Youscribe,consumer,promo,"Congratulations! You were among the first 1,000 activations for the Weekend Dose YouScribe promo. You have received your 1GB bonus yesterday!",en,1,contributed
G-717f23ad,not_scam,mtn,MTNCredit,consumer,loan_offer,"Dear customer, As at 27/03/2026 you have a debt of 651 XAF. Please make a recharge to repay your debt. To check your history, dial […] Thank You.",en,1,contributed
G-6b3d01e0,not_scam,orange,Orange,consumer,promo,Accède gratuitement à un large catalogue de films sur Playciné en souscrivant au forfait data. Compose #145*282# et achète ton forfait maintenant.,fr,1,contributed
G-ae4f7ec6,not_scam,orange,8941,consumer,service_subscription,"Bienvenu chez Orange. Sauvegarder et restaurer vos contacts SIM à partir de l'application Orange+ ou en envoyant SAUVE au 8941. Cout: 150U chaque mois, + 1 mois offert",fr,1,contributed
G-379d065d,not_scam,mtn,MoMoPrixKdo,consumer,promo,"PRICES DON REDUCE FOR ALL MAN! Transfers: 0 F HT, Withdrawals: 1% HT, Deposits & Payments: 0 F. Oh yes ! MADAM don land ! Dial *126# or go on MoMo App",en,1,contributed
G-61774d62,not_scam,mtn,MoMoApp,consumer,otp_code,Yello. Please note! This confidential code gives access to your MoMo account:[CREDENTIAL] Do not share it with anyone.,en,1,contributed
G-b3f03009,not_scam,mtn,MTNSmartPay,consumer,promo,"Exclusive offer for under 35s. YaMo SmartPay: take home a smartphone today, pay in 12 stress-free installments. Limited packs. MTN Touch Buea.",en,1,contributed
G-3d6333b0,not_scam,mtn,MTNSmartPay,consumer,promo,Limited stock: smartphone + free earphones with YaMo SmartPay. Flexible financing up to 12 months. Visit MTN Touch Buea soon!,en,1,contributed
G-9a3112a4,not_scam,mtn,MoMoChal,merchant_agent,security_tip,"MOMO CHALLENGE - 10,000 F TO WIN EVERY DAY UNTIL JULY 31st! How ? 1. Reactivate MoMo accounts a. Make a deposit b. The customer dials *126*0# then 1 for personalised offers c. Or simply *126# option 3 for credit or standard offers. 2. The following day : --> 10 accounts minimum = 4 000 --> 20 accounts minimum = 8 000 --> 25 accounts minimum = 10 000 F CONDITIONS : 1 Customer = 1 phone (No Fraud)!",en,1,contributed
G-5cd7d108,not_scam,mtn,Flash Quiz,consumer,promo,Flash Quiz is a real challenge. Test your knowledge and win one of 30 prizes of 30K every month. Dial […],en,1,contributed
G-b517b8c8,not_scam,mtn,Flash Quiz,consumer,promo,Haha.. Questions are too easy! Who create ndole? A- Duala B- Bassa Play Flash Quiz now and win 30K. Dial […],en,1,contributed
G-33dc31bb,not_scam,mtn,PLAN B,consumer,loan_offer,"You can BORROW airtime, Internet and Calls Bundles and PAYBACK LATER. To discover what's new, Kindly dial *121#",en,1,contributed
G-be56843b,not_scam,mtn,PLAN B,consumer,loan_offer,Zero airtime worries this festive season With MTN you get Calls and Data on credit. You can BORROW NOW AND PAY BACK LATER. Go ahead and dial *121#,en,1,contributed
G-663521ad,not_scam,mtn,MyBundle,consumer,promo,"Your friends miss you on social medias. Get back your WandaNet bundle on *123*10# to surf cheaper, reconnect with your friends and remain unbeatable on internet",en,1,contributed
G-7fedfe3f,not_scam,mtn,MOMO QRCOD,merchant_agent,agent_info,CHALLENGE MOMO : TROP MOO! BOOST your commissions! Get customers to scan your QR Code on every CASH-OUT to DOUBLE your MONEY! More scans = More commissions!,en,1,contributed
G-39a70022,not_scam,mtn,QRCOD BOOST,merchant_agent,agent_info,Yello Bao ! Double your commisions with QR code ! Earn up to 30 000F/Month with MoMo by performing your cashouts everyday using QR code it's simple and fast,en,1,contributed
G-83ab2e4f,not_scam,mtn,MTN YaMo,consumer,promo,In need of even more data? Try the 2099U bundle = 4.2GB valid 30 days. Dial *220*1# now and enjoy for 30 days!,en,1,contributed
G-cde3b614,not_scam,mtn,MTN YaMo,consumer,promo,"Le moment est arrive ! YaMo NXT LVL Convention t'attend. Viens ecrire ton Level Up. C'est aujourd'hui que tout commence a Majestic Cinema, Douala, Bessengue",fr,1,contributed
G-259cfb28,not_scam,mtn,MyMTNapp,consumer,otp_code,Your MTN Skills Academy OTP is: [CODE]. Do not share this OTP. MTN is not liable for incident that result from sharing your OTP. imtncm-prod[.]mtn[.]auth0[.]com #[CODE],en,1,contributed
G-f275690b,not_scam,mtn,DontMissIt,consumer,promo,250Mo Njooh from your MTN SIM. Turn on your mobile data and click here: […] to dont miss any of your reels,en,1,contributed
G-2c0a6f49,not_scam,mtn,1GigaNjoh,consumer,promo,"1Go GRATUIT! Telecharge, connecte-toi et fais une transaction min 100F sur la New MoMo App. Recois ton BONUS le Lendemain! Lien ici link[.]mtn[.]cm/NewMoMoAppRef",fr,1,contributed
G-60914e54,not_scam,mtn,MOMOKASH,consumer,loan_offer,Congratulations [NAME] Your MoMoKash re-subscription was successful. Your loan will be guaranteed today T&C's: hxxps://urlr[.]me/hrZAfc Call *126*62# to take out a loan,en,1,contributed
G-91941373,not_scam,mtn,MOMOKASH,consumer,account_notice,"Sorry, due to network issues your loan transaction has failed. Please try again *126#.",en,1,contributed
G-09e9eb99,not_scam,mtn,MOMOCARE,consumer,security_tip,"No need to move! Reset your MoMo PIN easily. If your balance is below 5000F, dial *126#, press 7, then 3, and set your new PIN instantly",en,1,contributed
G-c5090ee9,not_scam,mtn,MTNInternet,consumer,other,Take control of your path and aim higher. Subscribe to 500U=1.12GB valid 30D on *123*10*2# And watch this video: […],en,1,contributed
G-d6fc2c52,not_scam,mtn,MoMoSecure,consumer,security_tip,"Attention! The only official MoMo Facebook page is ""MoMo from MTNC CM"": bit[.]ly/MoMoFacebookCM",en,1,contributed
G-97b2b252,not_scam,mtn,MoMoSecure,consumer,security_tip,Lending or selling your MoMo account to someone else is a crime and makes you liable for illicit funds passing through it. Protect your identity.,en,1,contributed
G-ab99a910,not_scam,mtn,Back2School,consumer,promo,"Make this Back-to-School your best yet! Buy a bundle from 237U via your usual codes for a chance to win Laptop+Home Box+50,000F scholarship",en,1,contributed
G-192631be,not_scam,mtn,Back2School,consumer,promo,"Level Up this Back to School with TOP DEALS! Dial […], subscribe to a Top Deal bundle from 237U and stand a chance to win 50,000F every hour!",en,1,contributed
G-52491238,not_scam,mtn,MTN eSiM,consumer,account_notice,"Dear Customer, your phone is eSIM compatible. You can proceed to migration at the nearest MTN point with the support of our teams.",en,1,contributed
G-60fa0856,not_scam,mtn,MTN,consumer,account_notice,Bundle 50U=5min MTN calls 24h successfully activated. Valid till 27/08/2026 14:56.,en,1,contributed
G-50f6baa3,not_scam,mtn,MTN,consumer,promo,"Oh no! your Back2School BONUS is finished! Buy a bundle at *237# at least 237F. More than 100 smartphones, laptops, tablets to win.",en,1,contributed
G-a6597cdf,not_scam,mtn,MTN,consumer,loan_offer,"Sorry, your account balance is 0F! But no worries, we can help you! Dial *121# now to borrow airtime and data bundles",en,1,contributed
G-a78fa908,not_scam,mtn,MTN Care,consumer,account_notice,"Dear Customer, For a more convenient support from MTN, dial 8449 and get assisted with ease.",en,1,contributed
G-b194094b,not_scam,mtn,MTN Care,consumer,account_notice,"Dear MTN Customer, Need help? Simply call 8449, your dedicated MTN Customer Care Hotline, for quick assistance with your questions, requests, and complaints",en,1,contributed
G-f9f24046,not_scam,mtn,Dokta Data,consumer,promo,Is your data running out quickly? Take control with MyMTN and better manage your usage. Details here: hxxps://bit[.]ly/4rGwXSO,en,1,contributed
G-f43ab882,not_scam,mtn,WeekendDose,consumer,promo,"2GB FREE! A great match, friends, an apero.. your Saturday is dose! Watch Real vs Rayo on MTN TV sport. 200U = MTN TV sport + 2GB FREE. Dial […]",en,1,contributed
G-66cfd563,not_scam,mtn,WeekendDose,consumer,promo,Weekend dose offer is back with MTN TV sport plus 2GB FREE! Watch the biggest matches on MTN TV Sport and receive 2GB FREE. Dial 1 to activate tomorrow!,en,1,contributed
G-939eb54c,not_scam,mtn,MoMo News,consumer,account_notice,"Dear customer, to improve your MoMo experience, Mobile Money will undergo maintenance from July 18 at 10:30 pm to July 19 at 8:30 am.Thanks for your understanding.",en,1,contributed
G-b3c68eae,not_scam,mtn,MoMo News,consumer,promo,"Good news! Instant referral payments are back. Earn 200F automatically for every successful referral. Reach 15 referrals and get an extra 5,000F bonus!",en,1,contributed
G-fe163b72,not_scam,mtn,MoMo News,consumer,account_notice,"Dear customer, Mobile Money services have now been restored. We apologize for the inconvenience caused and thank you for your loyalty.",en,1,contributed
G-285c08c2,not_scam,mtn,MoMo News,merchant_agent,agent_info,"Dear Agent, to improve commercial efficiency, inter-region float transfers are charged 1% to the sender from 29.07.2026. More info: 8403",en,1,contributed
G-98db3d94,not_scam,partner_brand,8710,consumer,service_subscription,Bienvenue sur PlayVOD! Profitez des meilleurs films et series. ACCES: hxxps://c-up[.]me/ue1fb2 LOGIN : [CREDENTIAL] PASS : [CREDENTIAL] Cout: 200F/jour (ou moins selon votre credit),fr,1,contributed
G-84d12151,not_scam,partner_brand,8710,consumer,service_subscription,Yello! Votre credit est insuffisant pour souscrire au service PlayVOD. Veuillez recharger votre compte puis composez le […],fr,1,contributed
G-c192abe0,not_scam,partner_brand,8710,consumer,service_subscription,"Votre abonnement au Service PlayVOD est actuellement annule. Pour le reactiver, envoyez PV au 8710.",fr,1,contributed
G-f3279239,not_scam,online_service,ZOOM,consumer,otp_code,Your Zoom code is: [CODE]. Do not share.,en,1,contributed
G-58446898,not_scam,government,IDCAM,consumer,otp_code,Veuillez entrer le numéro [CODE] pour continuer la procédure de pré-enrolement dans les 300 secondes. DGSN Please enter the number [CODE] to continue the pre-enrolment process within 300 seconds. GDNS,mixed,1,contributed
G-827e2a55,not_scam,mtn,unknown,consumer,promo,PROMO EXCLUSIVE!! Make an airtime refill of at least 100F and receive a BONUS of up to 2500U! For all your MTN calls. to check your BONUS dial […],en,1,contributed
G-3b167e69,not_scam,mtn,MoMoAdvance,consumer,loan_offer,"Yello, your Momo Advance limit has been decreased. Your new limit is 200F. T&C: bit[.]ly/cm-ma",en,2,contributed
G-1246aef9,not_scam,mtn,MoMoAdvance,consumer,loan_offer,"Yello, your Momo Advance limit has been decreased. Your new limit is 100F. T&C: bit[.]ly/cm-ma",en,2,contributed
G-566fd34f,not_scam,online_service,AMAZON,consumer,otp_code,Your Amazon Web Services (AWS) verification code is: [CODE],en,1,contributed
G-791974d8,not_scam,mtn,YaMo Class,consumer,promo,First job = struggles & traps. Want to avoid them? Join Yamo Class LIVE tomorrow at 1PM on TikTok & Facebook. Real tips to get ahead,en,1,contributed
G-8bf9ece6,not_scam,mtn,YaMo Class,consumer,promo,"YaMo Pitch registrations have been extended! Students, be among the 500 selected projects, apply before June 30 here: hxxps://bit[.]ly/4vsdBlR",en,1,contributed
G-fcacfe60,not_scam,mtn,YaMo Class,consumer,promo,Got your diploma... what's next? Discover how to choose the right path for your future. Yamo Class is coming. Stay tuned!,en,1,contributed
G-51ea4038,not_scam,mtn,YaMo Class,consumer,promo,Do you need to be a SUSPENDU to dress well? Let's talk about it at Yamo Class! Sept 30 at 1PM on Facebook & TikTok.,en,1,contributed
G-f0f62039,not_scam,mtn,MTNZIK,consumer,service_subscription,Enjoy avec MTN ZIK! Choisis ta musique preferée en sonnerie d'attente pour tes appelants à seulement 150/30jours. Tape tel:*192# dès maintenant Tape tel:*192*24# pour telecharger le son de MHD ft Fally Ipupa. Appelez le 8706 (gratuit) mtnzik[.]cm,fr,1,contributed
G-592e3da5,not_scam,online_service,VERIFY,consumer,otp_code,Your Outlier verification code is: [CODE] Dont share this code with anyone; our employees will never ask for the code,en,1,contributed
G-dad767ea,not_scam,online_service,VERIFY,consumer,otp_code,Your Ring verification code is: [CODE]. Dont share this code with anyone; our employees will never ask for the code.,en,1,contributed
G-281ba6bf,not_scam,online_service,StripeLink,consumer,otp_code,[CODE] is your Link verification code,en,1,contributed
G-cb7e5fad,not_scam,online_service,Google,consumer,otp_code,[CODE] is your Google verification code.,en,1,contributed
G-e166c7f2,not_scam,government,PASSCAM,consumer,government_notice,Your application #[ID] was completed. Passport #[ID] is ready to be collected at the same enrolment center where the demand was made. GDNS,en,1,contributed
G-4a4caf38,not_scam,mtn,POSNews,merchant_agent,agent_info,"Yello POS! You can now check details of your sales and performances, track your MoMo transactions via chatbot 24/7.Try it now! hxxps://wa[.]me/[TXN_ID]",en,1,contributed
G-1cefd2c8,not_scam,bank,UBA,consumer,bank_alert,"Alerte de carte [ID] Date:25-09-2026 03:04 Note:Felicitations.Votre nouvelle carte UBA CM-UNICS PLC - Segment II a ete activee. Pour tout besion d'information, […]",fr,1,contributed
G-db1d9056,not_scam,bank,UBA,consumer,bank_alert,Carte [ID] Note:Chargement effectue par UNICS PLC Received Cr XAF 4.000 Date:25-09-2026 03:54 Solde XAF 3.500,mixed,1,contributed
G-96b5aac4,not_scam,bank,UBA,consumer,otp_code,Do not share this OTP. The OTP for UBA Mobile Banking is [CODE]. If you did not request this code. please call CFC […],en,1,contributed
G-b2c73cd1,not_scam,mtn,MoMo eCard,consumer,service_subscription,"Back-to-school is here! Pay for your AI subscriptions with the MoMo Virtual Card. Get yours for 2,500F via […] or via the App: link[.]mtn[.]cm/NewMoMoAppRef",en,1,contributed
G-c6325310,not_scam,mtn,MTNBonus,consumer,promo,"Subscribe to 250U=500MB/3D and get a 1000U NJOOOH BONUS ON TOP! Yes, you read that right! Subscribe now on *237# and enjoy your 1000U BONUS!",en,1,contributed
G-ced109de,not_scam,mtn,MTNBonus,consumer,promo,"Congratulations! Following your bundle purchase on *237#, you have unlocked 2500U Bonus valid 3 days. Check your balance on […]",en,1,contributed
G-09531163,not_scam,mtn,MTNBonus,consumer,promo,"[NAME], We have a surprise of 2500U for you! To unlock it, go to *237# and buy the bundle 500U=1.2GB/30D.",en,1,contributed
G-aef6bf52,not_scam,mtn,MTNBonus,consumer,promo,"You've received a 2500U BONUS! dial *159*16# to see it. But you have to Unlock your bonus by subscribing to 500U=1.2GB/30D via *237#. Hurry, don't miss out!",en,1,contributed
G-c0dba087,not_scam,mtn,MTNBonus,consumer,promo,"[NAME], We have a surprise of 1000U for you! To take it, go to *237# and buy the bundle 250U=500MB/3D.",en,1,contributed
G-b8e74749,not_scam,mtn,8445,consumer,other,Tu organises un evenement? Tu veux informer tous tes contacts? Affiche un message chez tous ceux qui t'appellent pour 250U/ mois seulement. Reponds OK ou compose […],fr,1,contributed
G-dc7ab420,not_scam,mtn,8445,consumer,service_subscription,"Nous sommes le continent !"" Et si c'était TON message? Personnalise ton statut et affiche ton message a tous ceux qui t'appellent. Seulement 250U/mois. Réponds OK ou Compose tel:*175# ou hxxps://mtnzik[.]cm pour activer",fr,1,contributed
G-1e8f0f57,not_scam,mtn,MoMo_Tips,merchant_agent,security_tip,"MTN MoMo TIPS: 1. Before registering a customer, explain the benefits: a) Buy Airtime/Bundles (*126*0#). b) Send money with Zero fees excluding Tax (Make a deposit for them) c) Pay bills (ENEO, CAMWATER...) 2. A real customer who uses MoMo earns you more in commissions than fraudulent activations. A GOOD ACTIVATION = REAL and SUSTAINABLE MoMo revenue. 3. A GOOD ACTIVATION = a) A real customer identity + a valid ID. b) Using the customer's own phone and SIM card. c) Informed customer consent. d) A clear explanation of MoMo services. e) The customer performs his first real transaction",en,1,contributed
G-3443821c,not_scam,mtn,DEPANNAGE,consumer,loan_offer,Out of credit and need some help? Dial *121# now to borrow some airtime and keep in touch with your love ones.,en,1,contributed
G-17aa1839,not_scam,mtn,MonTopDeal,consumer,promo,"50,000F to win every hour with TOP DEALS! Dial […], subscribe to a top deal bundle from 237U and enjoy an instant bonus + a chance to win cash!",en,1,contributed
G-1ae63cb1,not_scam,mtn,MonTopDeal,consumer,promo,"Level Up with TOP DEALS! Dial *237# subscribe to top deal from 237U, enjoy an instant bonus and stand a chance to win 50,000F every hour for back to school!",en,1,contributed
G-2c0f9f07,not_scam,mtn,MonTopDeal,consumer,promo,"Your Top Deals bundle could be your lucky one! Subscribe to top deal from 237U via *237# and stand a chance to win 50,000F every hour",en,1,contributed
G-1284f6b7,not_scam,mtn,8706,consumer,service_subscription,"Hot Sons sur MTN ZIK Fais monter l'ambiance de tes appels avec les sons les plus chauds du moment Reponds 1,2,3,4 ou 5 pour télécharger: 1 - Appelez les de Shapat 2 - I don die de Professeur Ndjasso 3 - Canada de Shapat 4 - Tous les jours de Shapat 5 - Je vais prendre de Professeur Ndjasso c'est 150U/30jrs",fr,1,contributed
G-4d313ad9,not_scam,mtn,8706,consumer,other,Fan de Krys M? Cette Box est faite pour toi! Profite d'une sélection de 5 titres incontournables de Tayc Krys M pour seulement 250F/30J. Réponds 11 12 13 14 15 ou 16 et téléchargez: 11 - Krys M Mix 12 - KRYS M BOX HOT 13 - KRYS M BOX AMOUR 14 - KRYS M BOX SUCCES 15 - KRYS M BOX ESPOIR 16 - KRYS M BOX BUZZ,fr,1,contributed
G-618bd0e2,not_scam,mtn,8706,consumer,service_subscription,Tape tel:*192*2# pour telecharger PILE de Mauvais Djo Plus de ZIKS sur mtnzik[.]cm Appelle le tel:8706 (gratuit),fr,1,contributed
G-ad3ef3fd,not_scam,mtn,8706,consumer,service_subscription,ZIKTONE MUSIC BATTLE Appelez les (Shapat) VS Tchokorobo (Elang City) 10 minutes d'appels gratuits pour chaque membre de l'equipe gagnante! Tape *192# pour telecharger ta musique preferee en sonnerie d'attente et tenter de faire partie de l'equipe gagnante,fr,1,contributed
G-d9b3537d,not_scam,online_service,WhatsApp,consumer,otp_code,<#> Your WhatsApp code: [CODE] Don't share this code with others,en,1,contributed
