id,source,source_url,date_published,title,summary,impersonated,target,channels,scam_types,requested_actions,amount_requested_fcfa,example_message,phone_ids,domains,entities
A-8d884693,stopblablacam,https://www.stopblablacam.com/e-scam?start=0,2026-02-25,Cameroon Warns of Admission Scams as Doctoral Programs Resume,Callers posing as university staff asked PhD applicants for money to 'guarantee' admission while results were pending.,University of Ngaoundéré officials,doctoral_applicants,phone_call,fake_concours_admission|official_impersonation|advance_fee,send_money,,,,,
A-acdd29b4,stopblablacam,https://www.stopblablacam.com/e-scam?start=0,2025-10-01,FAKE: CNPS Warns of Internship Scam Charging Fees for Fake Placements,"A caller posing as CNPS HR offered internships for a 9,800 FCFA fee, then kept postponing the start date.",CNPS human resources,job_seekers,phone_call,fake_job|official_impersonation|advance_fee,pay_fee,9800,,687-yvgpxx,,
A-af2253d1,stopblablacam,https://www.stopblablacam.com/e-scam?start=0,2025-09-22,Beware Fake BEAC Statement Claiming CFA50 Billion Project Funding,"A forged BEAC press release announced a 50 billion FCFA fund for individual projects, used to lure people into sharing data or paying.",BEAC,general_public,whatsapp|social_media,fake_document|advance_fee,,,,,,
A-abb6ddf6,stopblablacam,https://www.stopblablacam.com/e-scam?start=0,2025-09-16,"Beware of Fake MINFOPRA Job Drive Promising 24,000 Youth Hires","A fake 'special recruitment' memo for 24,000 graduates asked applicants to email ID cards and diplomas to a Gmail address.",MINFOPRA,job_seekers,social_media|whatsapp|email,fake_job|fake_document|official_impersonation,give_id_personal_info,,,,,
A-0a244d13,stopblablacam,https://www.stopblablacam.com/e-scam?start=0,2025-02-13,BEAC Warns of Fake CFA 100 Billion Tender Circulating,A fake BEAC tender offering 100 billion FCFA of project financing circulated online.,BEAC,general_public,social_media,fake_document|advance_fee,,,,,,
A-4153dc4f,stopblablacam,https://www.stopblablacam.com/e-scam?start=0,2025-01-24,Beware Fake Social Media Accounts Impersonate Finance Minister Louis Paul Motaze,Fake LinkedIn profiles using the Finance Minister's name and photo posted official-looking updates to build credibility.,Minister of Finance,general_public,social_media,fake_social_profile|official_impersonation,,,,,,
A-be29da95,stopblablacam,https://www.stopblablacam.com/e-scam?start=0,2025-01-10,Public Service: New Fake Job Scam Targets The Youth,"A fabricated radio-press release announced a 'Special Youth Emergency Plan' recruitment of 6,000 and collected fees through a fake email.",MINFOPRA,job_seekers,social_media|email,fake_job|fake_document|official_impersonation|advance_fee,pay_fee|give_id_personal_info,,,,,
A-7349b21c,stopblablacam,https://www.stopblablacam.com/e-scam?start=0,2024-11-21,"Beware, Minpostel Has Not Launched Recruitment for 965 Young People",A WhatsApp 'announcement' of 965 IT and electrotechnician posts used a fake email to collect applications and upfront fees.,MINPOSTEL,job_seekers,whatsapp|email,fake_job|fake_document|official_impersonation|advance_fee,pay_fee,,,,,
A-015fe7d9,stopblablacam,https://www.stopblablacam.com/e-scam?start=0,2024-03-19,Fraud Alert: Public Servants Are Targeted in Integration File Scam,A caller posing as ministry staff asked teachers with pending integration files for money to 'speed up' processing.,MINFOPRA staff,public_servants,phone_call,official_impersonation|advance_fee,send_money,,,692-scmbhd,,
A-f761d777,stopblablacam,https://www.stopblablacam.com/e-scam?start=0,2023-09-28,"Mass Recruitment at Razel Cameroun? No, yet another job scam",A fake press release with the company logo announced 800 construction jobs and collected CVs by email.,Razel Cameroun,job_seekers,social_media|email,fake_job|fake_document,give_id_personal_info,,,,,
A-e3889663,stopblablacam,https://www.stopblablacam.com/e-scam?start=0,2023-07-14,Beware! CNPS issues scam alert targeting pension recipients,Callers posing as CNPS staff told benefit recipients to transfer the money they had just received to mobile money accounts.,CNPS staff,pensioners,phone_call,official_impersonation|fake_agent_support,send_money,,,677-dedzzq|650-recfye|681-pywtve|676-tyvgda|673-arfqdt|652-rvyemq,,
A-185eeb62,stopblablacam,https://www.stopblablacam.com/e-scam?start=0,2023-07-05,"Beware! Dr. Paul Fokam has no accounts on LinkedIn, Facebook, or Twitter",Fake profiles of a well-known banker invited users into 'business partnerships'.,Bank founder (public figure),investors,social_media,fake_social_profile|investment_ponzi_crypto,,,,,,
A-04b6bd73,stopblablacam,https://www.stopblablacam.com/e-scam?start=0,2022-04-14,Beware of this new job scam,"A fake memo for 117 airport security jobs asked applicants for 30,000 FCFA in 'medical examination' fees.",CCAA (civil aviation authority),job_seekers,social_media,fake_job|fake_document|advance_fee,pay_fee,30000,,,,
A-7526be10,stopblablacam,https://www.stopblablacam.com/e-scam?start=0,2022-02-07,Beware of the scammers impersonating Ministry of Health officials on social media,"Scammers used the names, titles and contacts of senior health ministry officials on social media; victims filed complaints.",Ministry of Public Health officials,general_public,social_media,fake_social_profile|official_impersonation,,,,,,
A-91d9e20d,stopblablacam,https://www.stopblablacam.com/e-scam?start=14,2021-10-27,Beware of phone calls from scammers supposedly acting on behalf the MINESUP or the MINFI,Callers posing as ministry agents demanded large payments to approve career files and salary-arrears claims.,MINESUP / MINFI agents,public_servants,phone_call,official_impersonation|advance_fee,send_money,,,,,
A-380052d7,stopblablacam,https://www.stopblablacam.com/e-scam?start=14,2021-10-07,Beware of the scammers pretending to be private agents acting on behalf of the Cameroonian embassy in Belgium,Social media posts using embassy staff photos offered to obtain national ID cards for diaspora members through 'private agents'.,Cameroon embassy in Belgium,diaspora,social_media,official_impersonation|advance_fee,pay_fee,,,,,
A-1e46486e,stopblablacam,https://www.stopblablacam.com/e-scam?start=14,2021-10-05,Beware of the alleged CCAA job ad currently circulating on social media,"A fake ad for 450 security agents asked applicants to email files and pay 20,000 FCFA for a medical exam.",CCAA (civil aviation authority),job_seekers,social_media|email,fake_job|fake_document|advance_fee,pay_fee,20000,,,,
A-3fa5b28b,stopblablacam,https://www.stopblablacam.com/e-scam?start=14,2021-08-30,MINJEC warns of fake job ads supposedly from the MINJEC and the MINFOPRA,Scammers posing as ministry officials promised internships at the youth ministry.,MINJEC / MINFOPRA officials,job_seekers,social_media,fake_job|official_impersonation,,,,,,
A-aca05d79,stopblablacam,https://www.stopblablacam.com/e-scam?start=14,2021-07-23,Beware of the fake national employment fund's job ad seeking 1200 young graduates,"A fake FNE ad for 1,200 part-time teachers collected CVs and IDs and then asked for processing fees.",FNE (national employment fund),job_seekers,social_media,fake_job|fake_document|advance_fee,give_id_personal_info|pay_fee,,,,,
A-15e38716,stopblablacam,https://www.stopblablacam.com/e-scam?start=14,2021-06-08,Beware of the supposed customs auction announcement requesting advance payments,Fake customs auction notices asked the public to pay in advance for goods to be auctioned.,Cameroon Customs,buyers,social_media,official_impersonation|advance_fee|fake_seller_delivery,pay_fee,,,,,
A-7f1716af,stopblablacam,https://www.stopblablacam.com/e-scam?start=14,2021-05-29,"Beware, scammers are impersonating Minister of Social Affairs on social media",Posts falsely claimed the minister asked regional staff to contribute money for her mother's funeral.,Minister of Social Affairs,public_servants,social_media,official_impersonation|family_emergency,send_money,,,,,
A-e91916cc,stopblablacam,https://www.stopblablacam.com/e-scam?start=14,2021-05-21,Beware of the fake job ad recruiting 400 young graduates for the French embassy in Cameroon,A fake ad claimed the French embassy urgently needed 400 graduates for various posts.,French embassy in Cameroon,job_seekers,social_media,fake_job|fake_document,,,,,,
A-5d5f4913,stopblablacam,https://www.stopblablacam.com/e-scam?start=14,2021-04-02,Beware of fake Facebook profiles posing as the Chief of Staff of the National Navy,Fake Facebook profiles of the Navy's Chief of Staff were used to lure the public.,Navy Chief of Staff,general_public,social_media,fake_social_profile|official_impersonation,,,,,,
A-eb88dd51,stopblablacam,https://www.stopblablacam.com/e-scam?start=14,2021-02-19,"Beware, some individuals pose as the prefect of Mfoundi to swindle",Callers posing as the Mfoundi prefect extracted money from citizens by phone.,Prefect of Mfoundi,general_public,phone_call,official_impersonation,send_money,,,,,
A-afe57a8c,stopblablacam,https://www.stopblablacam.com/e-scam?start=14,2020-12-04,Beware: A new job scam claims Carrefour is recruiting 234 young people in Cameroon,"A fake note announced 234 retail jobs with applications by email, QR code or link.",Carrefour Cameroon,job_seekers,social_media|website_app,fake_job|fake_document|phishing_link,open_link|give_id_personal_info,,,,,
A-546cc7ef,stopblablacam,https://www.stopblablacam.com/e-scam?start=14,2020-11-13,Beware of the Facebook phishing scheme pretending to recruit staff for Carrefour Cameroon,A Facebook job ad link collected personal details and asked applicants for their Facebook login.,Carrefour Cameroon,job_seekers,social_media|website_app,fake_job|phishing_link,open_link|give_id_personal_info,,,,,
A-6cc280ba,stopblablacam,https://www.stopblablacam.com/e-scam?start=14,2020-09-16,Orange Money alerts about a fake Facebook page bearing its name,"A fake Orange Money Facebook page promised money, phones and cars to users who shared its posts, then contacted them privately.",Orange Money,mobile_money_users,social_media,fake_social_profile|fake_prize_promo,,,,,,
A-3547b5ec,stopblablacam,https://www.stopblablacam.com/e-scam?start=14,2020-09-16,Beware! The aviation authority is not currently recruiting 310 safety officers,"A fake communique for 310 safety officers asked candidates to pay 20,000 FCFA in medical fees.",CCAA (civil aviation authority),job_seekers,social_media|email,fake_job|fake_document|advance_fee,pay_fee,20000,,,,
A-303312e4,stopblablacam,https://www.stopblablacam.com/e-scam?start=28,2020-09-08,Beware! Camrail is not currently recruiting,A fake ad announced 150 assistant conductor jobs at Camrail stations.,Camrail,job_seekers,social_media,fake_job|fake_document,,,,,,
A-fab0496b,stopblablacam,https://www.stopblablacam.com/e-scam?start=28,2020-07-23,End of year exams: Conac warns of online scams,"Fake accounts sold 'leaked' official exam papers, paid by mobile money deposit.",Exam-organising institutions,students,social_media|whatsapp,fake_concours_admission|advance_fee,send_money,,,,,
A-797c5935,stopblablacam,https://www.stopblablacam.com/e-scam?start=28,2020-06-30,"Beware, the Ministry of Mines has only two official websites",Five lookalike ministry websites appeared; one showed a private mobile number as the ministry contact.,Ministry of Mines,general_public,website_app,phishing_link|official_impersonation,,,,681-zpwxtd,minmidtcm[.]com|minmidt-gov[.]net|ministryofminescm[.]com|minmidtcam[.]com|min-midt-gov[.]com,
A-cb2ef0a2,stopblablacam,https://www.stopblablacam.com/e-scam?start=28,2020-06-24,Beware of the fake recruitment notices published on social media on behalf of the General manager of the SCDP,"Fake LinkedIn and Facebook profiles of the company's head posted job notices and collected 11,500 FCFA per file.",SCDP general manager,job_seekers,social_media,fake_job|fake_social_profile|advance_fee,pay_fee,11500,,,,
A-e52f9997,stopblablacam,https://www.stopblablacam.com/e-scam?start=28,2020-06-04,"Beware, scammers are trying to get people's bank details over the phone",Callers posing as bank advisers during COVID restrictions asked for account numbers and card codes.,Bank business advisers,bank_customers,phone_call,fake_agent_support|credential_request,give_pin_code|give_id_personal_info,,,,,
A-89b8bdac,stopblablacam,https://www.stopblablacam.com/e-scam?start=28,2020-05-12,"Beware, malicious individuals continue to scam people on Orange Money","Callers said the victim's Orange Money account was 'not up to date' and had them enter a code, then emptied the account.",Orange Cameroon,mobile_money_users,phone_call,fake_agent_support|credential_request|account_blocked,dial_code|give_pin_code,,,,,
A-e8468863,stopblablacam,https://www.stopblablacam.com/e-scam?start=28,2020-04-23,"Beware of the fake job ad recruiting 1,600 agents on behalf of the Pronadel","An 'NGO' posted a fake recruitment of 1,600 communal agents across the 10 regions.",PRONADEL / MINDDEVEL,job_seekers,social_media,fake_job|fake_document,,,,,,
A-03574683,stopblablacam,https://www.stopblablacam.com/e-scam?start=28,2020-04-14,"Beware, fraudsters have created fake Facebook accounts using the name of BEAC's governor",Fake Facebook accounts in the BEAC governor's name were set up to scam the public.,BEAC governor,general_public,social_media,fake_social_profile|official_impersonation,,,,,,
A-39e11a34,stopblablacam,https://www.stopblablacam.com/e-scam?start=28,2020-04-06,"It's a scam! You won't earn CFA10,000 by dialing the USSD code #237# via your MTN number","A viral message promised 10,000 FCFA to MTN users who dialled a USSD code.",MTN Cameroon,mobile_money_users,social_media|whatsapp,fake_prize_promo|credential_request,dial_code,,,,,
A-48ad5c0d,stopblablacam,https://www.stopblablacam.com/e-scam?start=28,2020-04-01,"Beware, the national employment fund is not currently recruiting","A fake FNE recruitment of 500 young people asked 15,000 FCFA application fees.",FNE (national employment fund),job_seekers,social_media,fake_job|advance_fee,pay_fee,15000,,,,
A-674b0d80,stopblablacam,https://www.stopblablacam.com/e-scam?start=28,2020-03-18,"The public administration is not recruiting teachers for CFA14,000","A fake recruitment of nursery and primary teachers asked candidates to pay 14,000 FCFA.",MINFOPRA,job_seekers,social_media,fake_job|fake_document|advance_fee,pay_fee,14000,,,,
A-98d089cd,stopblablacam,https://www.stopblablacam.com/e-scam?start=28,2020-03-13,Chamber of trade warns against scammers claiming to belong to its Office for permits,Fake agents of a non-existent 'office for permits' demanded payment from foreign firms for import/export permits.,CCIMA (chamber of commerce),businesses,phone_call|email,official_impersonation|advance_fee,pay_fee,,,,,
A-0a3cfddb,stopblablacam,https://www.stopblablacam.com/e-scam?start=28,2020-03-13,Buca E-Ticket: A fake Facebook page that sells digital bus tickets,"A fake Facebook page sold 'e-tickets' for a bus company, paid by mobile money to personal numbers.",Bucavoyages (bus company),travellers,social_media|sms,fake_seller_delivery|fake_social_profile,send_money,,,694-duguqs|653-wpgddb,,
A-87cffcd5,stopblablacam,https://www.stopblablacam.com/e-scam?start=42,2020-03-13,A scam claims that job seekers must pay to benefit from the FNE's services,Fake online ads charged job seekers to 'register' for the free public employment service and collected their data.,FNE (national employment fund),job_seekers,social_media,official_impersonation|advance_fee,pay_fee|give_id_personal_info,,,,,
A-8940b7e9,stopblablacam,https://www.stopblablacam.com/e-scam?start=42,2020-03-13,"No, the ministry of finance is not hiring 300 agents","A fake MINFI notice for 300 finance jobs, full of spelling errors, used a non-government email address.",MINFI,job_seekers,social_media|email,fake_job|fake_document,,,,,,
A-a9bae90f,stopblablacam,https://www.stopblablacam.com/e-scam?start=42,2020-03-13,Beware of scammers who claim they can recruit people into the civil service on behalf of Minister Joseph Le,"Scammers claimed they could place people directly in the civil service for 250,000 FCFA 'insurance fees', backed by a forged statement.",Minister of Public Service,job_seekers,social_media|phone_call,fake_job|official_impersonation|advance_fee,pay_fee,250000,,,,
A-727c5fd3,stopblablacam,https://www.stopblablacam.com/e-scam?start=42,2020-03-13,Application fees for recruitment in Cameroonian customs cost XAF14500...or so claims this scam,"A fake customs recruitment asked 14,500 FCFA application fees, with a WhatsApp number and a lookalike website.",Cameroon Customs,job_seekers,social_media|whatsapp|website_app,fake_job|fake_concours_admission|advance_fee,pay_fee,14500,,691-bgvbfd,cameroon-today[.]cm,
A-da03f0e2,stopblablacam,https://www.stopblablacam.com/e-scam?start=42,2020-03-13,Beware of fake online banks!,Emails using a bank's branding asked customers to 'update' details by reply or through a fake bank site.,Banks,bank_customers,email|website_app,phishing_link|fake_agent_support,open_link|give_id_personal_info,,,,,
A-787a8398,stopblablacam,https://www.stopblablacam.com/e-scam?start=42,2020-03-13,A scam claims that Dovv is hiring female salespersons,"A fake notice with a supermarket's logo and stamp collected CVs, ID copies and full photos of young women.",Dovv supermarkets,job_seekers,social_media|email,fake_job|fake_document,give_id_personal_info,,,,,
A-e59489df,stopblablacam,https://www.stopblablacam.com/e-scam?start=42,2020-03-13,Beware! Cameroon's civil aviation authority is not recruiting 310 safety agents,"A fake communique for 310 security agents asked about 35,000 FCFA in fees.",CCAA (civil aviation authority),job_seekers,social_media|email,fake_job|fake_document|advance_fee,pay_fee,35000,,,,
A-a1e0c91a,stopblablacam,https://www.stopblablacam.com/e-scam?start=42,2020-03-13,A new scam promises Carrefour coupons,A WhatsApp message offered a 500 euro coupon via a survey link that required sharing the message with 20 contacts.,Carrefour,general_public,whatsapp|website_app,fake_prize_promo|phishing_link,open_link|give_id_personal_info,,,,,
A-24d0ad66,stopblablacam,https://www.stopblablacam.com/e-scam?start=42,2020-03-13,Chan 2020: The minister of sports warns against fake job offers relayed on social networks,"Fake, highly paid job offers for the CHAN football tournament targeted unemployed youth.",COCAN (tournament organisers),job_seekers,social_media,fake_job,,,,,,
A-31eaf9c6,stopblablacam,https://www.stopblablacam.com/e-scam?start=42,2020-03-11,Beware! Don't reply to job ads posted by the Fake Facebook page @unicef.canada.officiel,A fake UNICEF Canada Facebook page posted job ads.,UNICEF Canada,job_seekers,social_media,fake_job|fake_social_profile,,,,,,
A-641b0a8c,237check,https://237check.org/2022/08/04/faux-arnaque-ce-lien-ne-vient-pas-de-camtel/,2022-08-04,"FAUX, ARNAQUE : CE LIEN NE VIENT PAS DE CAMTEL",A long link shared in WhatsApp groups used CAMTEL's name and a quiz to promise prizes and harvest personal data.,CAMTEL,general_public,whatsapp|website_app,fake_prize_promo|phishing_link,open_link|give_id_personal_info,,,,,
A-cf6852cd,237check,https://237check.org/2022/12/08/how-social-media-has-influenced-ponzi-schemes-crumbling-the-economy-amid-the-anglophone-crisis-in-cameroon/,2022-12-08,How social media has influenced Ponzi schemes amid the Anglophone crisis,"Ponzi schemes spread on social media in the North West region promised high returns and collapsed, ruining later investors.",,investors,social_media|whatsapp,investment_ponzi_crypto,send_money,,,,,
A-9d841502,237check,https://237check.org/2023/08/08/faux-la-douane-camerounaise-norganisera-pas-une-vente-aux-encheres-des-vehicules-sur-le-site-de-douala-le-2-aout-2023/,2023-08-08,"Faux, la Douane Camerounaise n'organisera pas une vente aux enchères des véhicules","A fake customs vehicle auction asked people to send their ID on WhatsApp and pay 100,000 FCFA registration by mobile money.",Cameroon Customs,buyers,social_media|whatsapp,official_impersonation|advance_fee|fake_document,pay_fee|give_id_personal_info,100000,,,,
A-eea302b9,237check,https://237check.org/2023/08/08/non-le-minfopra-na-pas-lance-le-recrutement-special-de-5000-enseignants/,2023-08-08,"NON, le MINFOPRA n'a pas lancé le recrutement spécial de 5000 enseignants","A 'forwarded many times' WhatsApp post announced a special recruitment of 5,000 teachers.",MINFOPRA,job_seekers,whatsapp,fake_job|fake_document|official_impersonation,,,,,,
A-ac268356,237check,https://237check.org/2023/08/15/faux-camrail-na-lance-aucun-recrutement-de-110-aides-cheminots-et-de-90-controleurs/,2023-08-15,Faux : CAMRAIL n'a lancé aucun recrutement de 110 aides cheminots et de 90 contrôleurs,A fabricated Camrail communique for 200 railway jobs circulated on WhatsApp to extort money from applicants.,Camrail,job_seekers,whatsapp|email,fake_job|fake_document,,,,,,
A-4ecb29e9,237check,https://237check.org/2023/10/01/non-la-station-service-neptune-oil-na-pas-ouvert-le-recrutement-de-1170-employes/,2023-10-01,Non ! La station-service Neptune Oil n'a pas ouvert le recrutement de 1170 employés,"A fake notice for 1,170 petrol station jobs went viral in a Facebook job group of 38,000 members.",Neptune Oil,job_seekers,social_media,fake_job|fake_document,,,,,,
A-ba3d689e,237check,https://237check.org/2023/10/01/fact-checking-no-the-american-dv-lottery-2025-has-not-been-opened/,2023-10-01,"Attention, This account offering registration for DV Lottery is fake",A fake DV Lottery registration link led through several malicious sites.,US DV Lottery,visa_seekers,social_media|website_app,fake_scholarship_visa|phishing_link,open_link|give_id_personal_info,,,,bit-ely[.]com,
A-c3463814,237check,https://237check.org/2024/05/08/faux-le-programme-alimentaire-na-lance-aucun-recrutement/,2024-05-08,Faux : le Programme alimentaire n'a lancé aucun recrutement,"A WhatsApp link advertised '65,000 jobs' at the World Food Programme to lure job seekers.",World Food Programme,job_seekers,whatsapp|website_app,fake_job|phishing_link,open_link,,,,,
A-cf78fdf5,237check,https://237check.org/2024/05/09/faux-ce-communique-annoncant-la-creation-dune-plateforme-de-production-des-cni-et-passeports-en-ligne-nest-pas-de-la-dgsn/,2024-05-09,Faux ! Ce communiqué annonçant une plateforme de production des CNI et passeports en ligne n'est pas de la DGSN,A fake 'DGSN Cameroun' Facebook page announced an online ID card and passport platform.,DGSN (national police),id_applicants,social_media,official_impersonation|fake_document|fake_social_profile,,,,,,
A-88184e19,237check,https://237check.org/2024/12/16/understanding-cyber-scam-in-cameroon-the-sunrun-case/,2024-12-16,Understanding cyber scam in Cameroon: the SUNRUN case,Get-rich-quick platforms like Sunrun collapsed with about 20 billion FCFA of investors' money.,,investors,social_media|whatsapp|website_app,investment_ponzi_crypto,send_money,,,,,
A-c31149e4,237check,https://237check.org/2024/12/18/faux-aucun-frais-de-commission-de-5000-f-cfa-nest-demande-pour-le-concours-de-la-police-2025-au-cameroun/,2024-12-18,Faux ! Aucun frais de commission de 5000 F.Cfa n'est demandé pour le concours de la police 2025,"A poster with the police logo demanded a 5,000 FCFA 'commission' from police concours candidates.",DGSN (national police),candidates,social_media|whatsapp,fake_concours_admission|advance_fee|official_impersonation,pay_fee,5000,,,,
A-23be602b,237check,https://237check.org/2025/08/07/canular-le-premier-ministre-na-approuve-aucun-programme-de-fortuix-agent-au-profit-des-camerounais/,2025-08-07,CANULAR : Le Premier Ministre n'a approuvé aucun programme de Fortuix Agent,"A sponsored deepfake video of the Prime Minister promoted an 'AI' platform: invest 150,000 FCFA to earn 1.76 million a month.",Prime Minister (deepfake),investors,social_media|website_app,investment_ponzi_crypto|official_impersonation,send_money,150000,,,,
A-d213070d,237check,https://237check.org/2025/10/21/faux-paul-biya-noffre-pas-150-000-fcfa-a-chaque-camerounais-a-loccasion-de-lelection-presidentielle-2025/,2025-10-21,"Faux, Paul Biya n'offre pas 150 000 FCFA à chaque Camerounais","A viral Facebook post promised 150,000 FCFA to every citizen during the election, with a link to an external site.",Head of State,general_public,social_media|website_app,fake_prize_promo|phishing_link|official_impersonation,open_link,,,,,
A-1d29e5d7,minfi,https://minfi.gov.cm/en/financial-scams/,2020-11-10,Financial scams,The Finance Ministry banned unlicensed crypto 'investment' operators collecting public savings with unrealistic returns.,,investors,social_media|website_app,investment_ponzi_crypto,send_money,,,,,Mekit Invest|Africa'Lif|Petronpay Cameroon|Unique Finance|Crypat|Global Investment Trading
A-b148902e,pesacheck,https://pesacheck.org/vrai-ceci-est-un-modus-operandi-des-arnaqueurs-pour-siphonner-les-comptes-mobile-money-des/,2020-07-31,VRAI: Ceci est un modus operandi des arnaqueurs pour siphonner les comptes Mobile Money,"Confirmed by MTN: the scammer starts a withdrawal on the victim's account, then calls about a 'mistaken' transfer so the victim types the PIN.",MTN Cameroon,mobile_money_users,phone_call|sms,deposit_withdrawal_trap|wrong_number_reversal|credential_request,give_pin_code|send_money,,,,,
A-19caa3a1,pesacheck,https://pesacheck.org/faux-le-ministere-de-la-defense-du-cameroun-na-pas-publie-la-liste-finale-de-recrutement-de-larmee-pour-2026/,2026-09-11,FAUX : Le ministère de la Défense n'a pas publié la liste finale de recrutement de l'armée pour 2026,"A fake communique claimed gendarmerie concours results were out, while deliberations were still ongoing.",Ministry of Defence,candidates,social_media,fake_concours_admission|fake_document|official_impersonation,,,,,,
A-c2e15a30,pesacheck,https://pesacheck.org/canular-le-fonds-national-de-lemploi-du-cameroun-na-pas-lance-de-recrutement-de-1-732-enseignants-vacataires/,2026-09-10,CANULAR : Le FNE n'a pas lancé de recrutement de 1 732 enseignants vacataires,"A fake FNE tender for 1,732 part-time teachers asked applicants to email documents to a non-FNE address.",FNE (national employment fund),job_seekers,social_media|email,fake_job|fake_document,give_id_personal_info,,,,,
A-4c40c451,orange_cm,https://www.orange.cm/fr/arnaques.html,,"Arnaques (Orange Cameroun warning page), example 1","Fake Orange 'PRIME PROMO' SMS announcing a 400,000 FCFA win and asking the victim to call a personal number to collect it.",Orange Cameroun,mobile_money_users,sms,fake_prize_promo|advance_fee,send_money,,ORANGE!!! PROMO !!! PRIME!!! chèr(e) client (e)vu votre consommation durant l'année ''2015''2016'' votre numéro a été tiré au sort; vous êtes gagnant (e)d'une somme de [400.000frs] veuillez appeler au numéro standard:[[PHONE:694-bzsadd]] pour le retirer .,694-bzsadd,,
A-307eded0,orange_cm,https://www.orange.cm/fr/arnaques.html,,"Arnaques (Orange Cameroun warning page), example 2","Fake Orange promo SMS offering 380,000 FCFA and a trip to Kribi, 'in partnership with Express Union', via a personal number.",Orange Cameroun / Express Union,mobile_money_users,sms,fake_prize_promo|advance_fee,send_money,,"BIENVENU AU SERVICE ORANGE PRIME PROMO 2016. Bravooh!! Mr/Mme à l'occurance de l'année 2016,du à vos multiples recharges effectuées, après tirage au sort dans les 10 régions votre numéro est tiré gagnant! vous bénéficiez d'une prime de [380.000frs]et Un Séjour A Kribi veuillez contacter votre service orange PRIME PROMO en partenariat avec le service EXPRESS UNION au numéro standard <<[PHONE:691-bzkfta]>> pour les modalités. orange vous remercie de votre fidélité(......",691-bzkfta,,
A-363b98c2,237actu,https://237actu.com/cameroun-arnaque-de-faux-agents-d-orange-vident-les-comptes-des-abonnes-orange-money/,2020-02-21,Cameroun-arnaque : de faux agents d'Orange vident les comptes des abonnés Orange Money,"People in Orange-branded outfits in Douala and Yaoundé offered street 'account resets' during a fake security campaign, then emptied the accounts.",Orange field agents,mobile_money_users,in_person,fake_agent_support|credential_request,give_pin_code,,,,,
A-d29bb8e8,lebledparle,https://www.lebledparle.com/alerte-jete-nouvelle-technique-darnaque-sur-orange-money/,2024-08-16,Alerte : 'Jete' nouvelle technique d'arnaque sur Orange Money,"The scammer deposits 2,000 to 5,000 FCFA, then starts a withdrawal; the victim types the PIN 'to check the balance' and approves the withdrawal.",,mobile_money_users,sms,deposit_withdrawal_trap|credential_request,give_pin_code,,,,,
A-b7286a59,allafrica,https://fr.allafrica.com/stories/202509300387.html,2025-09-30,Cameroun: La lutte contre la fraude comme gage de sécurité des transactions mobile MoMo,MTN described scammers firing withdrawal requests at many numbers hoping someone types their PIN; its fix *126*15# blocks others from starting withdrawals.,,mobile_money_users,sms,deposit_withdrawal_trap|credential_request,give_pin_code,,,,,
A-1c9972a2,237online,https://www.237online.com/cameroun-escroquerie-une-nouvelle-forme-darnaque-par-orange-money-et-momo/,,Escroquerie : Une nouvelle forme d'arnaque par Orange money et MoMo,Thieves snatch a phone in the street and message every contact that the owner is in hospital and needs money sent to a new number.,The phone's owner,contacts_of_victim,sms|whatsapp,family_emergency|hacked_account_money,send_money,,,,,
A-c1258819,minpostel,https://www.minpostel.gov.cm/index.php/fr/actualites/328-arnaque-via-mobile-money-la-riposte-du-ministre-des-postes-et-telecommunications,2019-10-22,Arnaque via Mobile Money: la riposte du Ministre des Postes et Télécommunications,"After a surge of complaints, the telecom minister met MTN, Orange and Camtel over fraud using social engineering and SIM reprogramming.",,mobile_money_users,phone_call,sim_swap|fake_agent_support,,,,,,
A-0f0e2232,stopblablacam,https://www.stopblablacam.com/societe/2605-10591-yaounde-de-faux-agents-eneo-arnaquent-les-populations-cinq-personnes-interpellees,2023-05-26,"Yaoundé : de faux agents Eneo arnaquent les populations, cinq personnes interpellées","Men in fake ENEO uniforms with forged bills and cut-off notices demanded 20,000 to 30,000 FCFA from households in Yaoundé to avoid a power cut; some also scouted homes for burglaries.",ENEO (electricity) agents,households,in_person,official_impersonation|fake_document|advance_fee,send_money,,,,,
A-29cc4019,237online,https://www.237online.com/arnaque-whatsapp-cameroun/,2026-01-01,Cameroun – Alerte WhatsApp : une nouvelle arnaque vide les comptes,Urgent WhatsApp messages with a link take over the victim's account; the scammers then ask the victim's contacts for money.,WhatsApp / contacts,general_public,whatsapp|website_app,phishing_link|account_blocked|hacked_account_money,open_link|send_money,,"Ton compte sera bloqué / Tu as été sélectionné / Urgent, confirme ici",,,
A-7dd31740,camerounactuel,https://camerounactuel.com/quelle-est-larnaque-du-code-a-6-chiffres-dont-il-faut-se-mefier/,,Quelle est l'arnaque du code à 6 chiffres dont il faut se méfier ?,"A hacked contact asks the victim to forward a 6-digit code received by SMS; the code is the WhatsApp login code, and the victim's account is taken over next.",A friend or relative,general_public,whatsapp|sms,credential_request|hacked_account_money,give_pin_code,,,,,
A-abf77072,vitrineducameroun,https://vitrineducameroun.com/2026/04/07/pret-dargent-en-ligne-ces-applications-qui-transforment-vos-contacts-en-otages/,2026-04-07,Prêt d'argent en ligne : ces applications qui transforment vos contacts en otages,"Loan apps installed outside the Play Store take contacts and camera access, pay out about half the amount while charging the full sum in 7 days, then harass and threaten the borrower's contacts.",,borrowers,website_app,loan_scam,install_app|give_id_personal_info,,,,,
A-79370d2a,financialafrik,https://www.financialafrik.com/2025/05/21/cameroun-le-gouvernement-ouvre-la-chasse-aux-fintechs-illegales/,2025-05-21,Cameroun : le gouvernement ouvre la chasse aux fintechs illégales,"A Finance Ministry communique of 5 May 2025 banned unlicensed platforms offering credit, fund collection and money transfers, and announced a blacklist.",,borrowers,website_app,loan_scam|investment_ponzi_crypto,install_app,,,,,
A-cf6374fb,visionguinee,https://www.visionguinee.info/fausse-vente-aux-encheres-de-vehicules-un-reseau-camerounais-arnaque-des-centaines-de-millions-gnf-a-des-guineens/,2024-08-16,Fausse vente aux enchères de véhicules : un réseau camerounais arnaque des Guinéens,A network based in Cameroon forged customs auction notices and signatures to sell non-existent vehicles to buyers in Guinea.,Guinea Customs,buyers_abroad,social_media,official_impersonation|fake_document|advance_fee|fake_seller_delivery,pay_fee,,,,,
A-6c35db27,wikipedia,https://fr.wikipedia.org/wiki/%C3%89mile_Parfait_Simb,,Liyeplimal / Global Investment Trading,"An 'investment' network active until 2022 promised 200% a year plus recruitment bonuses; its token collapsed and about 300,000 people in some 40 countries lost money.",,investors,social_media|website_app|in_person,investment_ponzi_crypto,send_money,,,,,Liyeplimal|Global Investment Trading|LimoCoin
A-54858fe1,237online,https://www.237online.com/cameroun-arnaques-en-ligne-pieges/,2025-10-16,Cameroun – Arnaques en ligne : les nouvelles stratégies des escrocs (romance),"A scammer posing as a soldier built an online relationship with a victim in Bamenda, then asked for help 'receiving a package'.",A soldier,general_public,social_media,romance|fake_seller_delivery,send_money,,,,,
A-180909dd,237online,https://www.237online.com/cameroun-arnaques-en-ligne-pieges/,2025-10-16,Cameroun – Arnaques en ligne : les nouvelles stratégies des escrocs (fake agency),"A fake agency promising jobs in NGOs and multinationals charged 25,000 FCFA 'file fees' for interviews in Douala, then cut contact.",Recruitment agency,job_seekers,social_media|phone_call,fake_job|advance_fee,pay_fee,25000,,,,
A-827f6fe4,237online,https://www.237online.com/cameroun-arnaques-en-ligne-pieges/,2025-10-16,Cameroun – Arnaques en ligne : les nouvelles stratégies des escrocs (urgent money),"Callers posing as a bank agent, a delivery company or a relative claim a blocked parcel or an accident and demand money immediately.","Bank agent, courier or relative",general_public,phone_call|sms,family_emergency|fake_seller_delivery|fake_agent_support,send_money,,,,,
A-1228516d,stopblablacam,https://www.stopblablacam.com/culture-et-societe/0312-2298-attention-des-arnaqueurs-deguisent-de-simples-sms-sous-forme-de-notifications-de-transfert-dargent-par-mobile-money,2018-12-03,"Attention, des arnaqueurs déguisent de simples SMS sous forme de notifications de transfert d'argent par Mobile Money","An ordinary SMS written to look like a Mobile Money credit notice, followed by a call saying the money was sent by mistake and must be returned. The real notice comes from the operator, not from a personal number.",MTN Mobile Money notification,general_public,sms|phone_call,wrong_number_reversal,send_money,56500,"Mobile Money, vous avez reçu 56 500 FCFA de [NAME] ([PHONE:677-cvbmej]) le 2018-11-23. 10 : 13 :31. Transaction Id : [TXN_ID].",677-cvbmej,,
A-8c2831c2,cameroon_tribune,https://www.cameroon-tribune.cm/article.html/33194/fr.html/mobile-money-scam-fraudsters-multiply,2020-06-22,Mobile Money Scam: Fraudsters Multiply Strategies,"A fake 45,000 FCFA credit SMS followed by a call asking to 'resend' the money, and prize SMS asking winners to call a number. A victim in Douala lost 100,000 FCFA.",,general_public,sms|phone_call,wrong_number_reversal|fake_prize_promo,send_money,45000,,,,
A-44ca9204,cameroon_tribune,https://www.cameroon-tribune.cm/article.html/37033/fr.html/arnaques-au-mobile-money-revoila-les,2020-12-10,Arnaques au Mobile money : revoilà les escrocs,"A caller posing as an operator agent says the account password has a problem; an accomplice then asks the victim to validate an 'OK' prompt, which approves a withdrawal. Others send repeated withdrawal prompts hoping the victim approves one in a hurry.",Mobile operator agent,general_public,phone_call,fake_agent_support|credential_request|deposit_withdrawal_trap,give_pin_code,,,,,
A-a7b3fb36,investiraucameroun,https://www.investiraucameroun.com/index.php/telecom/3008-7824-des-individus-tentent-d-arnaquer-en-se-faisant-passer-pour-l-operateur-des-telecoms-mtn-cameroon,2016-08-30,Des individus tentent d'arnaquer en se faisant passer pour l'opérateur MTN Cameroon,Messages in MTN's name told subscribers they had won a promotion and must transfer money to collect it. MTN said it never asks for money to release winnings.,MTN Cameroon,general_public,sms,fake_prize_promo|advance_fee,send_money,,,,,
A-0bc5728e,investiraucameroun,https://www.investiraucameroun.com/finance/2001-15846-suite-aux-plaintes-darnaques-loperateur-orange-cameroun-renforce-la-securite-des-transactions-mobile-money,2021-01-20,"Suite aux plaintes d'arnaques, Orange Cameroun renforce la sécurité des transactions Mobile Money","Three tricks behind a wave of complaints: withdrawal prompts the customer never started, calls from fake Orange agents 'updating' accounts to get the PIN, and fake 'sent by mistake' refund requests.",Orange Cameroun,general_public,phone_call|sms,deposit_withdrawal_trap|fake_agent_support|credential_request|wrong_number_reversal,give_pin_code|send_money,,,,,
A-f52e7d4e,237online,https://www.237online.com/fraude-mtn-mobile-money-failles-securite-plainte-cameroun/,2026-03-26,"MTN Mobile Money : failles de sécurité, fraude et combat judiciaire d'un client camerounais","A fake MTN agent asked the victim to read out codes shown on screen 'to verify identity'. They were one-time codes that linked the scammer's phone to the account; 117,000 of a 118,000 FCFA balance was withdrawn. The victim filed a police complaint.",MTN customer service,general_public,phone_call,fake_agent_support|credential_request,give_pin_code,117000,,,,
A-2007d83b,ecomatin,https://ecomatin.net/communique-orange-money-demasque-une-arnaque-sur-les-reseaux-sociaux-et-sensibilise-le-public-contre-des-applications-frauduleuses-dorigines-douteuse,2023-01-21,Orange Money démasque une arnaque et met en garde contre des applications frauduleuses,An .apk shared in WhatsApp groups promised almost free internet bundles and asked for the Orange Money PIN during setup.,Orange Money,general_public,whatsapp|website_app,fake_prize_promo|credential_request|phishing_link,install_app|give_pin_code,,,,,
A-89441654,journalducameroun,https://fr.journalducameroun.com/alerte-sur-les-arnaques-autour-des-transferts-dargent-par-telephone-cameroun/,2020-08-11,Alerte sur les arnaques autour des transferts d'argent par téléphone,Scammers write from a relative's WhatsApp or number asking for urgent help. Orange Cameroun's advice: call the person before sending anything.,A relative or friend,general_public,whatsapp|sms,family_emergency|hacked_account_money,send_money,,,,,
A-fefdc258,journalducameroun,https://fr.journalducameroun.com/arnaques-les-abonnes-dorange-cameroun-dans-le-viseur/,2008-10-31,Arnaques : les abonnés d'Orange Cameroun dans le viseur,"Prize SMS from a foreign number, and fake alerts about relatives in accidents, pushed people to call back and buy credit for international calls that never connected.",,general_public,sms|phone_call,fake_prize_promo|family_emergency|advance_fee,send_airtime,1000,"Bravo, vous avez gagné 10 000 Euros et un voyage pour la France",,,
A-614650d8,cameroon_tribune,http://www.cameroon-tribune.cm/article.html/80871/fr.html/cybercriminalite-deux-suspects-aux-arrets,2026-09-22,Cybercriminalité : deux suspects aux arrêts,"Fake ticket-booking platforms took payment for flights, then drained the buyers' Mobile Money accounts: one civil servant paid 19,000 FCFA for a Yaoundé-Douala ticket and lost 230,000. Gendarmes in Yaoundé say the network took over 50 million FCFA.",Airline ticket seller,travellers,website_app,fake_seller_delivery|credential_request,send_money,19000,,,,
A-5db5f473,camer_be,https://www.camer.be/86172/11:1/arnaque-a-la-tontine-en-ligne-une-camerounaise-perd-15-million-fcfa-dans-une-cotisation-virtuelle-cameroon.html,2024-08-07,"Arnaque à la tontine en ligne : une Camerounaise perd 1,5 million FCFA","An online tontine of 15 members paying 100,000 FCFA a month. The member placed last never got her 1.5 million: the admin, who was also treasurer, blocked her and the payment numbers went dead.",,savers,whatsapp|social_media,investment_ponzi_crypto,send_money,100000,,,,online tontine
A-cbb32ca3,techgriot,https://techgriot.co/francais/edito/2025/02/escroquerie-en-ligne-au-cameroun-quand-internet-devient-un-piege/,2025-02-01,Escroquerie en ligne au Cameroun : quand internet devient un piège,"Cases from Yaoundé: a Facebook 'investment' that took 100,000 FCFA then asked for more; an Instagram romance with 'visa fees' of 200,000 FCFA and the same photos reused on other victims; sellers who take a deposit and vanish.",Cameroonian living in Europe,general_public,social_media,investment_ponzi_crypto|romance|fake_scholarship_visa|fake_seller_delivery,send_money|pay_fee,,,,,
A-596d59a6,stopblablacam,https://www.stopblablacam.com/e-arnaques/0604-3740-attention-mtn-cameroon-n-offre-pas-10-000-fcfa-a-toute-personne-souscrivant-au-code-237,2020-04-06,"Attention, MTN Cameroon n'offre pas 10 000 FCFA à toute personne souscrivant au code #237#","A message riding on MTN's COVID-19 relief campaign promised 10,000 FCFA to anyone who dialled #237#. MTN denied owning the code.",MTN Cameroon,general_public,social_media|whatsapp,credential_request|fake_prize_promo|official_impersonation,dial_code,,MTN Cameroon offre 10 000 FCFA à toute personne souscrivant au code #237#,,,
A-601a9ea5,le360,https://afrique.le360.ma/societe/cameroun-meme-en-prison-ils-continuent-darnaquer-la-fraude-au-sms-en-toute-liberte_KDEXXTYQ5FB4PMV2SXUIEF6HUI/,2025-04-23,"Cameroun. Même en prison, ils continuent d'arnaquer: la fraude au SMS en toute liberté","SMS asking a 'friend' for urgent money, traced to inmates of Yaoundé Central Prison using smuggled phones. Another victim lost 130,000 FCFA after an SMS offering to deposit 80,000 FCFA into her account.",A friend,general_public,sms,family_emergency,send_money,30000,Bonjour cher ami ! S'il te plait envoie-moi urgemment 30.000 Fcfa.,,,
A-3844fc10,newsducamer,https://www.newsducamer.com/fintechs-illegales-prets-express-taux-abusifs-les-derives-cachees-des-applications-de-microcredit/,,"Fintechs illégales : prêts express, taux abusifs, les dérives cachées des applications de microcrédit","A borrower asked for 16,000 FCFA, received 10,400 and owed 16,104 a week later, then got calls every five minutes; another borrower's colleagues were told they were guarantors and would be reported to the central bank.",,borrowers,website_app|phone_call,loan_scam,install_app,,"Our interest is of 104 FCFA only, the 6,000 FCFA, it's for the application",,,
A-e287b7a8,stopblablacam,https://www.stopblablacam.com/societe/1706-6798-la-gendarmerie-aux-trousses-des-arnaqueurs-via-le-telephone-mobile-un-phenomene-en-plein-boom,2021-06-17,La gendarmerie aux trousses des arnaqueurs via le téléphone mobile,Callers posing as old friends sold a Cameroonian in Belgium a gold mining deal in Batouri; he sent 15 million FCFA by mobile money. Two suspects were arrested in Yaoundé.,Old friends,diaspora,phone_call,investment_ponzi_crypto|advance_fee,send_money,,,,,
A-2270a0c1,infospratiques,https://infospratiques.cm/concours-cimap-kribi-2026-faux/,2026-06-09,Concours CIMAP Kribi 2026 : un faux avis de concours,"A fake training concours notice asked for 5,000 FCFA in fees plus copies of diplomas and ID cards. The Port Authority of Kribi disowned it on 3 June 2026.",Port Autonome de Kribi,students,whatsapp|social_media,fake_concours_admission|fake_document|official_impersonation|advance_fee,pay_fee|give_id_personal_info,5000,,,,
A-e2c91bb5,le360,https://afrique.le360.ma/societe/cameroun-mon-compte-a-ete-vide-la-cyberpiraterie-prend-le-large_ZDXCQHAIIZHJVDAFZBYUXY75WQ/,,Cameroun. «Mon compte a été vidé»: la cyberpiraterie prend le large,"A student entered her details on a fake scholarship site shared on WhatsApp; her WhatsApp and Orange Money accounts were taken over and emptied before she could withdraw 500,000 FCFA. Hijacked accounts then ask contacts for urgent money.",Scholarship programme,students,whatsapp|website_app,fake_scholarship_visa|phishing_link|hacked_account_money,open_link|give_pin_code,,,,,
A-756c797d,pesacheck,https://pesacheck.org/canular-orange-money-noffre-pas-15-000-francs-cfa-a-ses-abonnes-pour-son-15e-anniversaire/,2026-09-29,CANULAR : Orange Money n'offre pas 15 000 francs CFA à ses abonnés pour son 15e anniversaire,"A survey site promised 15,000 FCFA for Orange Money's 15th anniversary; after four questions and a 'pick a box' game, people were told to share it to 5 groups or 20 friends to claim the gift.",Orange Money Cameroun,general_public,website_app|social_media|whatsapp,fake_prize_promo|phishing_link|official_impersonation,open_link,,Félicitations ! Orange Money – Cadeau du 15e anniversaire. Répondez à ce sondage pour avoir une chance de gagner 15 000 F CFA,,,
A-194cee0d,pesacheck,https://pesacheck.org/canular-cette-campagne-de-recrutement-de-la-societe-camerounaise-des-depots-petroliers-est-frauduleuse/,2026-09-30,CANULAR : Cette campagne de recrutement de la SCDP est frauduleuse,A Facebook post announced 105 jobs at the national petroleum depot company with an email address that is not the company's. SCDP's HR director called it fraudulent.,SCDP,job_seekers,social_media|email,fake_job|official_impersonation,give_id_personal_info,,,,,
A-22fdf117,pesacheck,https://pesacheck.org/canular-le-port-autonome-de-douala-na-pas-initie-ce-recrutement,2026-09-29,CANULAR : Le port autonome de Douala n'a pas initié ce recrutement,A fake recruitment notice in the Port of Douala's name listed jobs and documents to send to an unofficial email. The port denied it.,Port Autonome de Douala,job_seekers,social_media|email,fake_job|official_impersonation|fake_document,give_id_personal_info,,"Le Port Autonome de Douala (PAD) informe les jeunes Camerounais et toutes les personnes intéressées du lancement d'une nouvelle campagne de recrutement visant à renforcer ses différents services. (...) Les opportunités concernent notamment différents domaines : Administratifs (Secrétaire et Assistant RH), Maintenance (Électrique, Mécanique, etc.), Des Agents Manœuvres, Des Agents de sécurité, Agents de sécurité environnementale (QHSE)",,,
A-591bb80e,pesacheck,https://pesacheck.org/canular-cet-avis-de-recrutement-du-complexe-santa-lucia-est-frauduleux/,2026-09-30,CANULAR : Cet avis de recrutement du complexe Santa Lucia est frauduleux,A post offered 509 holiday and pre-employment internships at Santa Lucia supermarkets in Douala and Yaoundé. The regional director called it a scam.,Santa Lucia supermarkets,job_seekers,social_media,fake_job|official_impersonation,give_id_personal_info,,"509 jeunes camerounais recherchés ! Le Complexe Santa Lucia lance son recrutement pour les stages de vacances 2026, stages académiques et stages Pré-Emploi dans plusieurs agences de Douala et Yaoundé",,,
A-a1e3cb55,pesacheck,https://pesacheck.org/canular-cette-annonce-de-recrutement-de-1000-auditeurs-independants-camerounais-dans-la-fonction-publique-est-fausse/,2026-01-31,CANULAR : Cette annonce de recrutement de 1000 auditeurs libres dans la fonction publique est fausse,"A forged ministerial draft order announced direct civil-service recruitment of 1,000 teacher-training graduates. The Minister called it a scam; the order's number, date and stamp layout did not match real ones.",MINFOPRA,students,social_media,fake_concours_admission|fake_document|official_impersonation,,,Cameroun: Projets d'arrêtés portant ouverture des concours directs pour le recrutement dans la fonction publique de 1000 auditeurs libres issus des Écoles Normales (ENS/ENSET),,,
A-1881e40a,pesacheck,https://pesacheck.org/canular-bocom-petroleum-sa-na-pas-lanc-c3-a9-de-campagne-de-recrutement/,2023-12-13,CANULAR : BOCOM Petroleum SA n'a pas lancé de campagne de recrutement,"A fake job ad in the name of a petroleum company promised 90,000 to 180,000 FCFA a month in seven cities and sent applicants to a WhatsApp link.",BOCOM Petroleum,job_seekers,social_media|whatsapp,fake_job|official_impersonation|phishing_link,open_link,,"Offre d'emploi. La sociétés Bocom recherche des personnes âgées de 28 à 45 ans résidants dans les villes de Dschang, Douala, Kribi, Garoua, Bafoussam, Yaoundé et Bertoua avec un salaire de base allant de 90.000 à 180.000 par mois pour des services : d'entretien , réception dans des Pompiste, comptable, Architecte, serveuse, secrétariat bureautique, Chef service, Manager du stand, Gestionnaire du Stock, Assistant (e), Logistique et transport, Caissières, Chauffeurs. NB: le travail débutera de 8h30 à 17h30 https:// suivre le lien//wa[.]me/message/DPQ6CR54J4WOH1",,,
A-3487b9ef,pesacheck,https://pesacheck.org/canular-le-ministere-camerounais-de-la-fonction-publique-et-de-la-reforme-administrative-na-pas-lance-ce-recrutement/,2026-07-20,CANULAR : Le MINFOPRA n'a pas lancé ce recrutement de 9 000 enseignants,"A fake 'special recruitment' of 9,000 teachers (10,000 further down the same notice) asked for applications by email to a Gmail address posing as the ministry.",MINFOPRA,job_seekers,social_media|email,fake_job|official_impersonation|fake_document,give_id_personal_info,,Rentrée scolaire 2026/2027. Recrutement spéciale de 9 000 jeunes enseignants dans la fonction publique sur très hautes instructions du Président de la République. Le ministre de la Fonction publique et de la Réforme administrative (MINFOPRA) informe le public camerounais qu'un recrutement de dix mille (10 000) jeunes enseignants est ouvert sur l'ensemble du territoire national,,,
A-59c68b52,pesacheck,https://pesacheck.org/canular-la-soci%C3%A9t%C3%A9-de-g%C3%A9nie-civil-razel-bec-na-lanc%C3%A9-aucune-campagne-de-recrutement-au-cameroun-ad4fa1a871ca,2025-04-29,CANULAR : Razel-Bec n'a lancé aucune campagne de recrutement au Cameroun,"A 'mass recruitment' of 650 civil engineering workers circulated with a document and an email address not belonging to the company, which denied it, noting such fakes recur.",Razel-Bec,job_seekers,social_media|email,fake_job|official_impersonation|fake_document,give_id_personal_info,,,,,
A-efd89527,pesacheck,https://pesacheck.org/canular-mtn-cameroun-noffre-pas-26-000-francs-cfa-a-ses-abonnes-a-loccasion-de-son-26e-anniversaire/,2026-09-29,CANULAR : MTN Cameroun n'offre pas 26 000 FCFA pour son 26e anniversaire,"A fake anniversary survey promised 26,000 FCFA from MTN; MTN said it ran no such survey.",MTN Cameroon,general_public,social_media|whatsapp,fake_prize_promo|phishing_link|official_impersonation,open_link,,Félicitations! MTN – Cadeau 26e anniversaire. Participez à notre sondage spécial 26e anniversaire et gagnez 26 000 FCFA offerts par MTN!,,,
A-f1c558f0,pesacheck,https://pesacheck.org/canular-ce-site-promettant-60-go-de-donnees-gratuites-du-president-paul-biya-aux-camerounais-est-un-frauduleux/,2026-08-26,CANULAR : Ce site promettant 60 Go de données gratuites du président Paul Biya est frauduleux,A site used a religious holiday and the President's name to promise 60 GB of free data to every Cameroonian.,President of the Republic,general_public,social_media|whatsapp,fake_prize_promo|phishing_link|official_impersonation,open_link,,"Chaque Camerounais peut recevoir 60 Go de données mobiles gratuites à l'occasion du Mawlid al-Nabi… Dans le cadre des célébrations du Mawlid al-Nabi de cette année, le Président Paul Biya a annoncé 60 Go de données mobiles gratuites pour tous les Camerounais",,,
A-89fd2ec2,pesacheck,https://pesacheck.org/canular-orange-money-noffre-pas-35-000-francs-cfa-a-ses-abonnes-pour-la-celebration-de-lassomption/,2026-08-13,CANULAR : Orange Money n'offre pas 35 000 FCFA pour l'Assomption,"A holiday 'cash gift' page in Orange Money's name asked visitors to submit their phone number to receive 35,000 FCFA.",Orange Money Cameroun,general_public,social_media|whatsapp,fake_prize_promo|phishing_link|official_impersonation,open_link|give_id_personal_info,,"Orange Money - Célébrons l'Assomption! Recevez 35 000 F CFA en espèces! Pour célébrer l'Assomption, nous avons préparé 35 000 F CFA en espèces pour tout le monde",,,
A-fa37b726,pesacheck,https://pesacheck.org/canular-la-marque-tangui-noffre-pas-30-000-fcfa-a-ses-consommateurs-dans-le-cadre-de-la-celebration-de-son-anniversaire/,2026-07-31,CANULAR : La marque Tangui n'offre pas 30 000 FCFA pour son anniversaire,"A questionnaire promised 30,000 FCFA in the name of a mineral water brand's anniversary; the company disowned it.",Source Tangui (mineral water brand),general_public,social_media|whatsapp,fake_prize_promo|phishing_link|official_impersonation,open_link,,Source Tangui – Célébration Anniversaire. Remplissez ce questionnaire et gagnez 30 000 FCFA …,,,
A-187ae4d9,pesacheck,https://pesacheck.org/canular-mtn-cameroun-noffre-pas-35-000-fcfa-a-ses-abonnes-pour-son-anniversaire/,2026-07-27,CANULAR : MTN Cameroun n'offre pas 35 000 FCFA pour son anniversaire,"Another anniversary survey promised up to 35,000 FCFA from MTN.",MTN Cameroon,general_public,social_media|whatsapp,fake_prize_promo|phishing_link|official_impersonation,open_link,,MTN – Célébration Anniversaire. Participez à cette enquête pour recevoir jusqu'à 35 000 FCFA pendant la célébration …,,,
A-e1958a57,pesacheck,https://pesacheck.org/canular-orange-noffre-pas-10-000-francs-a-ses-abonnes-a-loccasion-de-la-fete-du-travail/,2026-05-25,CANULAR : Orange n'offre pas 10 000 francs pour la fête du Travail,"A Labour Day 'gift' page asked people to share it in five groups or with 15 WhatsApp friends before 'receiving' 10,000 FCFA.",Orange Money Cameroun,general_public,social_media|whatsapp,fake_prize_promo|phishing_link|official_impersonation,open_link,,"Célébrons la Fête du Travail le 1er mai. Peu importe ton réseau, fais une transaction Orange Money et reçois 10 000 F CFA. Orange Money célèbre la Fête du Travail. Cliquez sur le bouton ""Obtenir"" ci-dessous pour recevoir 10 000 XAF offerts par Orange Money pour la Fête du Travail",,,
A-5c83e930,pesacheck,https://pesacheck.org/canular-les-aeroports-du-cameroun-nont-pas-lance-un-recrutement-de-250-stagiaires-et-agents/,2026-04-29,CANULAR : Les Aéroports du Cameroun n'ont pas lancé un recrutement de 250 stagiaires,"A fake paid-internship drive at the country's airports targeted pupils, students and job seekers.",Aéroports du Cameroun (ADC),job_seekers,social_media|whatsapp,fake_job|official_impersonation,give_id_personal_info,,"ADC lance pour 2026 un recrutement rémunéré de 250 stagiaires et agents, ouvert aux élèves, étudiants et chercheurs d'emploi, pour ses aéroports de Douala, Yaoundé, Garoua (…)",,,
A-1e7ee341,pesacheck,https://pesacheck.org/canular-le-complexe-santa-lucia-na-lance-aucune-campagne-de-recrutement-de-520-jeunes-au-cameroun/,2026-03-26,CANULAR : Santa Lucia n'a lancé aucune campagne de recrutement de 520 jeunes,A fake communiqué announced 520 supermarket jobs; the chain said it only accepts applications in person.,Santa Lucia supermarkets,job_seekers,social_media|whatsapp,fake_job|official_impersonation,give_id_personal_info,,COMMUNIQUÉ portant avis de recrutement de 520 jeunes pour les supermarchés SANTA LUCIA,,,
A-5a119886,pesacheck,https://pesacheck.org/canular-cette-subvention-promise-a-27-000-jeunes-entrepreneurs-camerounais-est-frauduleuse/,2026-02-13,CANULAR : Cette subvention promise à 27 000 jeunes entrepreneurs est frauduleuse,"A fake ministry notice announced a presidential grant for 27,000 young entrepreneurs.",MINPMEESA / President of the Republic,entrepreneurs,social_media|whatsapp,fake_prize_promo|fake_document|official_impersonation,give_id_personal_info,,"Subvention spéciale du Chef de l'État à 27.000 jeunes entrepreneurs camerounais. Le ministre des Petites et Moyennes Entreprises, de l'Economie Sociale et de l'Artisanat (MINPMEESA) informe le public camerounais qu'une subvention spéciale est accordée à 27.000 (vingt-sept mille) jeunes entrepreneurs camerounais par le Chef de l'État",,,
A-64d8f364,pesacheck,https://pesacheck.org/canular-la-societe-brakina-noffre-aucune-subvention-alimentaire-de-200-000-fcfa/,2026-01-15,CANULAR : La société Brakina n'offre aucune subvention alimentaire de 200 000 FCFA,"A 'food subsidy' survey promised 200,000 FCFA in a brewery's name.",Brakina (brewery),general_public,social_media|whatsapp,fake_prize_promo|phishing_link|official_impersonation,open_link,,Félicitations! Brakina – Subvention alimentaire. Remplissez ce sondage pour avoir une chance de gagner 200 000 F CFA,,,
A-65919b8f,pesacheck,https://pesacheck.org/canular-cette-annonce-de-recrutement-pretendument-publiee-par-le-complexe-santa-lucia-est-une-escroquerie/,2025-12-09,CANULAR : Cette annonce de recrutement de Santa Lucia est une escroquerie,A year-end fake recruitment of 632 paid pre-employment interns across Yaoundé supermarkets.,Santa Lucia supermarkets,job_seekers,social_media|whatsapp,fake_job|official_impersonation,give_id_personal_info,,"En prélude aux préparatifs des festivités de fin d'année 2025 et dans le cadre du renforcement des capacités des équipes en place dans nos supermarchés, le complexe Santa Lucia informe les jeunes chercheurs d'emploi qu'un recrutement sur étude de dossiers de 632 jeunes pour des stages pré emploi rémunérés",,,
A-b8993984,pesacheck,https://pesacheck.org/canular-le-supermarche-carrefour-noffre-aucun-prix-a-loccasion-de-la-fete-de-noel/,2025-12-04,CANULAR : Le supermarché Carrefour n'offre aucun prix à Noël,A Christmas 'pick the box with the gift' game in a supermarket's name.,Carrefour,general_public,social_media|whatsapp,fake_prize_promo|phishing_link|official_impersonation,open_link,,"Carrefour. Félicitations !! À l'occasion de Noël, vous avez été sélectionné(e) parmi les rares personnes qui recevront gratuitement un prix de grande valeur, offert par Carrefour.",,,
A-95267d39,pesacheck,https://pesacheck.org/canular-camair-co-na-lanc-c3-a9-aucune-campagne-de-recrutement-pour-201-camerounais/,2025-11-11,CANULAR : Camair-Co n'a lancé aucune campagne de recrutement pour 201 Camerounais,A fake airline job drive for 201 young people.,Camair-Co,job_seekers,social_media|whatsapp,fake_job|official_impersonation,give_id_personal_info,,Grande opportunité d'emploi chez Camair-Co ! Tu es à la recherche d'un emploi stable ? Camair-Co recrute 201 jeunes camerounais(es) dans plusieurs villes du pays…!,,,
A-2658e8a6,pesacheck,https://pesacheck.org/canular-le-pr-c3-a9sident-paul-biya-na-pas-initi-c3-a9-ce-recrutement-de-30-000-jeunes/,2025-10-22,CANULAR : Le Président Paul Biya n'a pas initié ce recrutement de 30 000 jeunes,"During the presidential election period, a post claimed the President was recruiting 30,000 young people.",President of the Republic,job_seekers,social_media|whatsapp,fake_job|official_impersonation|fake_document,give_id_personal_info,,,,,
A-6d657914,pesacheck,https://pesacheck.org/canular-les-a-c3-a9roports-du-cameroun-nont-pas-c3-a9mis-cet-avis-de-recrutement/,2025-09-26,CANULAR : Les Aéroports du Cameroun n'ont pas émis cet avis de recrutement,A fake airport internship programme for 200 young people.,Aéroports du Cameroun (ADC),job_seekers,social_media|whatsapp,fake_job|official_impersonation,give_id_personal_info,,La Société Aéroport du Cameroun S.A (ADC S.A) lance un programme de recrutement de 200 jeunes talents pour des stages rémunérés et formateurs (…),,,
A-f1747208,pesacheck,https://pesacheck.org/canular-le-pr-c3-a9sident-paul-biya-na-pas-ordonn-c3-a9-le-recrutement-de-24-000-jeunes/,2025-09-13,CANULAR : Le président Paul Biya n'a pas ordonné le recrutement de 24 000 jeunes,"A fake 'special contract recruitment' of 24,000 young civil servants, timed with the 2025 election.",MINFOPRA / President of the Republic,job_seekers,social_media|whatsapp,fake_job|official_impersonation|fake_document,give_id_personal_info,,Présidentielle 2025 : Paul Biya instruit un recrutement de 24 000 jeunes à la fonction publique. Contractualisation spéciale de 24 000 jeunes au Minfopra.,,,
A-7243a944,pesacheck,https://pesacheck.org/canular-orange-noffre-pas-de-donn-c3-a9es-gratuites-c3-a0-ses-abonn-c3-a9s-poss-c3-a9dant-d-anciennes-cartes-sim/,2025-09-11,CANULAR : Orange n'offre pas de données gratuites aux anciennes cartes SIM,A 'free data for old SIM cards' page collected phone numbers and asked to be shared with 15 WhatsApp friends.,Orange Cameroun,general_public,social_media|whatsapp,fake_prize_promo|phishing_link|official_impersonation,open_link|give_id_personal_info,,"Félicitations à tous les anciens clients d'orange. Cher client, veuillez confirmer votre numéro Orange pour activer vos données gratuites. Obtenez maintenant. Entrez votre numéro orange ci-dessous et cliquez sur « Vérifier",,,
A-89371f96,pesacheck,https://pesacheck.org/canular-nestl-c3-a9-cameroun-nest-pas-l-auteur-de-cet-avis-de-recrutement/,2025-08-19,CANULAR : Nestlé Cameroun n'est pas l'auteur de cet avis de recrutement,A fake full-time job ad with an email address Nestlé does not use.,Nestlé Cameroun,job_seekers,social_media|email,fake_job|official_impersonation,give_id_personal_info,,"En rejoignant Nestlé, vous rejoignez la plus grande société alimentaire et de boissons au monde. Pays : Nestle Cameroun. Type de contrat: Temps plein (…)",,,
A-bd5a57b3,pesacheck,https://pesacheck.org/canular-cette-campagne-de-recrutement-visant-24-000-jeunes-na-pas-c3-a9t-c3-a9-lanc-c3-a9e-par-le-pr-c3-a9sident/,2025-08-15,CANULAR : Cette campagne de recrutement de 24 000 jeunes n'a pas été lancée par le Président,"An earlier version of the 24,000 civil-service recruitment hoax, with an email address for applications.",MINFOPRA / President of the Republic,job_seekers,social_media|email,fake_job|official_impersonation|fake_document,give_id_personal_info,,Le Ministre de la Fonction Publique et de la Réforme Administrative informe les jeunes camerounais qu'un recrutement Spécial de vingt-quatre mille jeunes initié sur très hautes instructions du Chef de l'État est ouvert sur l'ensemble du territoire National.,,,
A-f6e9838f,pesacheck,https://pesacheck.org/canular-la-c3-a9roport-du-cameroun-n-a-pas-publi-c3-a9-d-offres-de-stages-r-c3-a9mun-c3-a9r-c3-a9s/,2025-08-13,CANULAR : L'Aéroport du Cameroun n'a pas publié d'offres de stages rémunérés,A fake paid-internship programme for 213 interns at the airports.,Aéroports du Cameroun (ADC),job_seekers,social_media|whatsapp,fake_job|official_impersonation,give_id_personal_info,,la Société Aéroport du Cameroun S.A (ADC S.A) annonce l'ouverture d'un programme de recrutement de 213 stagiaires pour des stages rémunérés (…),,,
A-0e08646c,pesacheck,https://pesacheck.org/canular-camrail-na-pas-lanc-c3-a9-de-recrutement-pour-300-jeunes/,2025-07-30,CANULAR : CAMRAIL n'a pas lancé de recrutement pour 300 jeunes,A fake railway training and job programme for 300 young people.,Camrail,job_seekers,social_media|whatsapp,fake_job|official_impersonation,give_id_personal_info,,"Dans le cadre de notre convention de partenariat, la société Camrail s'associe à l'Institut de [NAME] aux Métiers Ferroviaires en Afrique Centrale (IMEFAC) pour former 300 jeunes Camerounais aux métiers ferroviaires de base. Rejoignez notre Équipe Ferroviaire (…)",,,
A-a8ea8966,pesacheck,https://pesacheck.org/canular-le-pr-c3-a9sident-paul-biya-na-annonc-c3-a9-aucune-offre-d-argent-en-esp-c3-a8ces-aux-camerounais/,2025-07-23,CANULAR : Le Président Paul Biya n'a annoncé aucune offre d'argent en espèces,"A link promised 10,000 FCFA from the President to every Cameroonian during the election period.",President of the Republic,general_public,social_media|whatsapp,fake_prize_promo|phishing_link|official_impersonation,open_link,,Bonjour! Postulez maintenant : Transfert d'argent de 10 000 FCFA de [NAME] à tous les Camerounais,,,
A-692da1e1,pesacheck,https://pesacheck.org/canular-elections-cameroon-na-pas-lanc-c3-a9-de-campagne-de-recrutement/,2025-07-20,CANULAR : Elections Cameroon n'a pas lancé de campagne de recrutement,A fake portal recruited 'electoral agents' in the electoral body's name.,ELECAM,job_seekers,social_media|website_app,fake_job|official_impersonation|phishing_link,open_link|give_id_personal_info,,Elections Cameroon — Elecam a lancé un portail pour le recrutement de nouveaux personnels et agents électoraux pour travailler avec la commission en 2025,,,
A-7f03a592,pesacheck,https://pesacheck.org/canular-le-supermarch-c3-a9-santa-lucia-noffre-pas-de-cadeaux-aux-enfants/,2025-06-20,CANULAR : Le supermarché Santa Lucia n'offre pas de cadeaux aux enfants,"A Children's Day questionnaire promised 100,000 FCFA in a supermarket's name.",Santa Lucia supermarkets,general_public,social_media|whatsapp,fake_prize_promo|phishing_link|official_impersonation,open_link,,"Félicitations! Santa Lucia — Journée des enfants Cadeau Grâce au questionnaire, vous aurez la chance d'obtenir des 100000 franc",,,
A-3801e3c3,pesacheck,https://pesacheck.org/canular-carrefour-market-cameroun-na-pas-lanc-c3-a9-ce-recrutement/,2025-06-17,CANULAR : Carrefour Market Cameroun n'a pas lancé ce recrutement,A recurring fake supermarket recruitment post.,Carrefour Market,job_seekers,social_media|whatsapp,fake_job|official_impersonation,give_id_personal_info,,Recrutement d'offres d'emploi. La structure carrefour market lance une campagne à courte durée. La société Carrefour Market lance un grand recrutement. Dans le cadre d'aider la jeunesse,,,
A-3720a587,pesacheck,https://pesacheck.org/canular-cet-avis-de-recrutement-n-c3-a9mane-pas-du-port-autonome-de-douala/,2025-06-15,CANULAR : Cet avis de recrutement n'émane pas du Port Autonome de Douala,An earlier fake recruitment post in the Port of Douala's name.,Port Autonome de Douala,job_seekers,social_media|whatsapp,fake_job|official_impersonation,give_id_personal_info,,Port autonome de Douala Cameroun nouveau recrutement lancer il faudrait être titulaire d'un diplôme pour pouvoir déposer votre demande les postes (….),,,
A-297b10a6,pesacheck,https://pesacheck.org/canular-les-boissons-du-cameroun-noffre-pas-des-stages-r-c3-a9mun-c3-a9r-c3-a9s/,2025-05-27,CANULAR : Les Boissons du Cameroun n'offre pas des stages rémunérés,A fake paid-internship offer for 213 young people at the national brewer.,Société Anonyme des Boissons du Cameroun,job_seekers,social_media|whatsapp,fake_job|official_impersonation,give_id_personal_info,,"Les boissons du Cameroun informent élèves, étudiants et chercheurs d'emploi qu'un recrutement de 213 jeunes pour des stages de vacances, académiques et stages pré-emploi rémunérés dans les villes de Douala (Ndokoti et Akwa), de Yaoundé (direction générale N2 Jaunde Pusat) et Bafoussam (UCB) et Garoua (SABC)",,,
A-85541c03,pesacheck,https://pesacheck.org/canular-le-pr-c3-a9sident-paul-biya-ne-recrute-pas-13-600-jeunes-dipl-c3-b4m-c3-a9s-au-sein-de-la-fonction/,2025-05-27,CANULAR : Le Président Paul Biya ne recrute pas 13 600 jeunes diplômés,"A fake civil-service recruitment of 13,600 graduates tied to the 2025 campaign.",MINFOPRA / President of the Republic,job_seekers,social_media|whatsapp,fake_job|official_impersonation|fake_document,give_id_personal_info,,Campagnes électorales 2025 : Paul Biya recrute 13 600 jeunes diplômés pour la fonction publique. Contractualisation spéciale de treize mille six cent jeunes.,,,
A-33129042,pesacheck,https://pesacheck.org/canular-le-port-autonome-de-kribi-na-lanc-c3-a9-aucun-avis-de-recrutement/,2025-04-29,CANULAR : Le port autonome de Kribi n'a lancé aucun avis de recrutement,"A fake port recruitment made a 7,500 FCFA registration fee compulsory.",Port Autonome de Kribi,job_seekers,social_media|whatsapp,fake_job|official_impersonation|advance_fee,pay_fee,7500,"Bonjour à tous en ce jour, nous vous informons que le port autonome de kribi a lancé un recrutement avec formation et offre d'emploi à l'appui pour les intéressés. Vous pouvez nous laisser un message peu importe votre ville, et les frais d'inscription du dossier est obligatoire, c'est 7500 francs CFA Sept mille francs CFA . Veuillez partager l'information, ça pourrait aider plu",,,
A-51461d35,pesacheck,https://pesacheck.org/canular-cette-offre-demploi-de-la-cameroon-civil-aviation-authority-est-fausse/,2025-03-30,CANULAR : Cette offre d'emploi de la Cameroon Civil Aviation Authority est fausse,A fake job notice copied the official legal wording of the civil aviation authority to look genuine.,Cameroon Civil Aviation Authority,job_seekers,social_media|whatsapp,fake_job|official_impersonation|fake_document,give_id_personal_info,,"Le directeur général de la Cameroon Civil Aviation Authority (CCAA), Etablissement public Administratif, chargé de la gestion et de l'administration de l'aviation civil au Cameroun",,,
A-faa0c3a2,pesacheck,https://pesacheck.org/canular-cette-pr-c3-a9tendue-offre-de-cadeau-de-ramadan-ne-provient-pas-du-supermarch-c3-a9-carrefour/,2025-03-25,CANULAR : Cette offre de cadeau de Ramadan ne provient pas de Carrefour,A Ramadan 'free gifts' page in a supermarket's name.,Carrefour,general_public,social_media|whatsapp,fake_prize_promo|phishing_link|official_impersonation,open_link,,"Félicitations !! A l'occasion du mois sacré du Ramadan , vous avez été choisi parmi les rares à recevoir de précieux lots gratuits offerts par Carrefour",,,
A-d67a544f,pesacheck,https://pesacheck.org/canular-mtn-cameroon-noffre-pas-d-internet-gratuit-aux-utilisateurs-de-tiktok/,2025-03-04,CANULAR : MTN Cameroon n'offre pas d'internet gratuit aux utilisateurs de TikTok,"A 'free 30 GB for TikTok's anniversary' link, written as if a friend already received it.",MTN Cameroon / TikTok,general_public,social_media|whatsapp,fake_prize_promo|phishing_link|official_impersonation,open_link,,"Félicitations à tous les TikTokeurs, 30 Go gratuits (tous les réseaux) valables 60 jours pour la célébration du 6e anniversaire de TikTok. J'ai reçu le mien. Ouvre ce lien (…)",,,
A-7d9e9b1f,pesacheck,https://pesacheck.org/canular-cet-avis-de-recrutement-na-pas-c3-a9t-c3-a9-c3-a9mis-par-la-compagnie-p-c3-a9troli-c3-a8re-perenco/,2025-02-22,CANULAR : Cet avis de recrutement n'a pas été émis par Perenco,A fake oil-sector recruitment of experienced technicians.,Perenco,job_seekers,social_media|whatsapp,fake_job|official_impersonation,give_id_personal_info,,"Recrutement Perenco Cameroun. Nous recrutons pour le Cameroun des techniciens Camerounais avec expérience dans le secteur pétrolier : Instrumentistes, Opérateurs de Production, Mécaniciens et soudeurs qualifiés…",,,
A-de5b56d1,pesacheck,https://pesacheck.org/canular-le-pr-c3-a9sident-paul-biya-na-annonc-c3-a9-aucune-subvention-du-fonds-de-d-c3-a9veloppement-2025-aux/,2025-02-17,CANULAR : Le Président Paul Biya n'a annoncé aucune subvention du fonds de développement 2025,"A fake 'development fund' grant of 85,000 FCFA per citizen, with a look-alike grant link.",President of the Republic,general_public,social_media|whatsapp,fake_prize_promo|phishing_link|official_impersonation,open_link,,"Bonjour! Bienvenue. Subvention du Fonds de développement 2025 du Président Paul Biya. Fonds de développement 2025. Subvention de 85 000 FCFA aux citoyens. Comment l'obtenir, je viens de recevoir le mien. Cliquez ici hxxps://cameroon-grant[.]obtenir[.]org",,,
A-7d5db679,pesacheck,https://pesacheck.org/canular-carrefour-market-na-pas-lanc-c3-a9-de-recrutement-au-cameroun/,2025-01-28,CANULAR : Carrefour Market n'a pas lancé de recrutement au Cameroun,A fake supermarket recruitment in Douala and Yaoundé.,Carrefour Market,job_seekers,social_media|whatsapp,fake_job|official_impersonation,give_id_personal_info,,"Recrutement d'offres d'emplois. La structure Carrefour Market lance une campagne à courte durée. La société Carrefour Market lance un grand recrutement. Dans le cadre d'aider la jeunesse. Pour postuler, il va falloir avoir un niveau d'étude ou un diplôme. Âge de 18 ou plus. Offres disponibles dans Douala et Yaoundé",,,
A-e5958ffb,pesacheck,https://pesacheck.org/canular-cet-avis-de-recrutement-na-pas-c3-a9t-c3-a9-c3-a9mis-par-le-pam/,2025-01-25,CANULAR : Cet avis de recrutement n'a pas été émis par le PAM,A fake multi-country UN agency recruitment.,World Food Programme,job_seekers,social_media|whatsapp,fake_job|official_impersonation,give_id_personal_info,,"Programme alimentaire mondial ( Pam) recrutement 2025. Disponible pour Bénin, Cameroon, Mali, Côte d'Ivoire, Congo, Gabon, Niger, France, Canada, Belgium, Madagascar, Haïti, Senegal, Burkina Faso, Guinea, Togo, Switzerland, Burundi, Rwanda, Luxembourg, Djibouti, Comoros, Monaco, United State and Chad …",,,
A-e5ecc6be,pesacheck,https://pesacheck.org/canular-total-energies-cameroun-na-lanc-c3-a9-aucun-recrutement-rapide-pour-un-nouveau-personnel/,2025-01-24,CANULAR : Total Energies Cameroun n'a lancé aucun recrutement rapide,A fake 'fast recruitment' through a third-party company in an oil major's name.,TotalEnergies,job_seekers,social_media|whatsapp,fake_job|official_impersonation,give_id_personal_info,,"Avis de recrutement. Dans le renouvellement de son effectif et dans sa participation dans la lutte contre le chômage dans la zone du Cameroun, la grande multinationale, le groupe Total Énergie vous informe par le biais de [NAME] une campagne de recrutement du personnel prêt à travailler (…)",,,
A-b06d3c01,pesacheck,https://pesacheck.org/canular-mtn-cameroun-noffre-pas-480-000-fcfa-de-subvention-pour-le-nouvel-an/,2025-01-13,CANULAR : MTN Cameroun n'offre pas 480 000 FCFA de subvention pour le nouvel an,"A New Year 'subsidy' questionnaire promised 480,000 FCFA from MTN.",MTN Cameroon,general_public,social_media|whatsapp,fake_prize_promo|phishing_link|official_impersonation,open_link,,"MTN-Nouvel An 2025 Subvention pour la célébration. Toutes nos félicitations! MTN-Nouvel An 2025 Subvention pour la célébration. Grâce au questionnaire, vous aurez une chance d'obtenir 480 000 CFA…",,,
A-bb1368fa,pesacheck,https://pesacheck.org/canular-les-volontaires-onu-nont-lanc-c3-a9-aucun-recrutement-pour-l-ann-c3-a9e-2024-2025/,2024-12-21,CANULAR : Les volontaires ONU n'ont lancé aucun recrutement pour 2024-2025,A fake UN Volunteers call for applications.,UN Volunteers,job_seekers,social_media|whatsapp,fake_job|official_impersonation,give_id_personal_info,,Volontaires ONU (VNU) 2024/2025. La candidature est en cours,,,
A-3ddde545,pesacheck,https://pesacheck.org/canular-mtn-cameroun-noffre-pas-de-donn-c3-a9es-gratuites-c3-a0-ses-abonn-c3-a9s-poss-c3-a9dant-d-anciennes-cartes/,2024-11-29,CANULAR : MTN Cameroun n'offre pas de données gratuites aux anciennes cartes SIM,The MTN version of the 'free data for old SIM cards' page that collects phone numbers.,MTN Cameroon,general_public,social_media|whatsapp,fake_prize_promo|phishing_link|official_impersonation,open_link|give_id_personal_info,,"Félicitations à tous les anciens clients de MTN. Cher client, veuillez confirmer votre numéro MTN pour activer vos données gratuites. Date limite : 27 décembre Entrez votre numéro MTN ci-dessous et cliquez sur Vérifier",,,
A-33f6665f,pesacheck,https://pesacheck.org/canular-le-minist-c3-a8re-du-travail-et-de-la-s-c3-a9curit-c3-a9-sociale-noffre-pas-de-primes-particuli-c3-a8res/,2024-11-29,CANULAR : Le Ministère du Travail n'offre pas de primes particulières,"A 'check if your name is on the list' page promised a 150,000 payout to anyone who worked between 1990 and 2024.",Ministry of Labour,workers,social_media|whatsapp,fake_prize_promo|phishing_link|official_impersonation,open_link|give_id_personal_info,,Ceux qui ont travaillé entre 1990 et 2024 ont le droit de retirer (150 000 XOF) du ministère du Travail et de l'Emploi. Vérifiez si votre nom figure sur la liste de ceux qui ont droit à ces fonds,,,
A-be6c5888,pesacheck,https://pesacheck.org/canular-le-minist-c3-a8re-des-postes-et-t-c3-a9l-c3-a9communications-du-cameroun-na-publi-c3-a9-ces-offres-d-emploi/,2024-11-29,CANULAR : Le ministère des Postes et Télécommunications n'a pas publié ces offres d'emploi,A fake telecoms-ministry job post sent candidates to a personal number and a WhatsApp link.,MINPOSTEL,job_seekers,social_media|whatsapp,fake_job|official_impersonation|fake_document,give_id_personal_info|send_money,,"Recrutement au ministère des Télécommunications. Si tu as une expérience dans le domaine informatique ou électricité, alors cette opportunité est pour toi, saisis là, afin de te faire un poste au MinposteL Diplôme requis: Baccalauréat+2 minimum. Veuillez nous contacter au [PHONE:656-btdhhv] pour plus d'informations, ou via le lien: hxxps://wa[.]me/message/256LOK2BXCCWB1",656-btdhhv,,
A-f6444ba9,pesacheck,https://pesacheck.org/canular-chococam-cameroun-na-lanc-c3-a9-aucun-stage-pr-c3-a9-emploi/,2024-10-28,CANULAR : Chococam Cameroun n'a lancé aucun stage pré-emploi,A year-end fake paid-internship offer for 276 young people.,Chococam,job_seekers,social_media|whatsapp,fake_job|official_impersonation,give_id_personal_info,,"Offre d'emploi. En prélude des fêtes de fin d'année 2024, Chococam leader dans la production d'aliments chocolatés au Cameroun informe la population camerounaise qu'un recrutement de 276 jeunes Camerounais(es) pour des stages pré-emplois rémunérés dans toutes les villes du Cameroun (…)",,,
A-f4d98ede,facebook_public_post,,2026-07-29,"Fake MobileMoney credit SMS, then 'sent by mistake' call, then PIN prompts for withdrawals","Public Facebook post. The victim got a fake MobileMoney credit SMS from a personal number, then a call from the same number claiming 26,700 was deposited by mistake and begging her to keep 3k and send back 23k. When she stalled he threatened to report her to MTN and have her account blocked. Over the next days she got 2 withdrawal requests asking for her PIN that she had not started, and cancelled both. Her advice: real MoMo messages always come from 'MobileMoney', never from a number.",MTN Mobile Money,,sms,wrong_number_reversal|deposit_withdrawal_trap|account_blocked,send_money|give_pin_code,,"MobileMoney
Vous avez recu 26700 XAF de [NAME] ([PHONE:682-xazfwf]) sur votre compte mobilemoney 2026-07-29. Message de l'expéditeur: Votre nouveau solde 56980 XAF. FRAIS:54 .",682-xazfwf,,
A-665b9c6a,facebook_public_post,,,"Fake MobileMoney credit SMS from a personal number, copying the real format (French)","Screenshot shared on Facebook: a fake MobileMoney credit SMS from an ordinary +237 number. It copies the genuine layout down to the fee line, transaction ID and the MoMoApp promo, but real MoMo messages never come from a personal number.",MTN Mobile Money,,sms,wrong_number_reversal,,,"MobileMoney
Vous avez recu 30200 XAF de [NAME] ([PHONE:676-rrksmg]) sur votre compte mobile money 2026-07-20. Message de l'expediteur:. Votre nouveau solde est de 60809 FCFA. Frais: 0 XAF. Transaction ID: [TXN_ID]. Economies avec MoMoApp! Juste 1 pour cent frais de",670-pvakwe|676-rrksmg,,
A-f36c27ee,facebook_public_post,,2025-12-19,Fake 'Mobile Money' SMS sitting next to the real MobileMoney thread,"Screenshot of an SMS inbox shared on Facebook as a warning: the real 'MobileMoney' and 'MTNMoMo' threads come from named senders, while the fake 'Mobile Money You have just received...' comes from a +237 personal number.",MTN Mobile Money,,sms,wrong_number_reversal,,,Mobile Money You have just received...,653-rzjenn,,
A-197f516a,facebook_public_post,,2025-03-29,"Fake MTN agent call: 'registration expiring', fake 91k bonus, codes, then MoMo PIN","Public Facebook post. A caller claiming to work for MTN said the number's registration was expiring, sent messages mentioning ID, MyMTN App and Ayoba during the call, then announced a 91k bonus and asked whether to put it on MoMo or credit. He had the victim dial codes, then asked for the MoMo PIN 'to see if the 91k was added'. When refused he threatened to block the MoMo account.",MTN Cameroon staff,,phone_call|sms,fake_agent_support|credential_request|fake_prize_promo|account_blocked,dial_code|give_pin_code,,,,,
A-79826bc3,facebook_public_post,,2026-10-02,"MoMo kiosk tricked into sending 9,870,000 for a 'regular customer' (Pidgin)","Public Facebook post in Pidgin. A woman came to a mobile money kiosk claiming her boss, a director at a nearby company and a regular customer of the kiosk, had sent her to transfer 9,870,000 FCFA to four MTN numbers. The agent sent it on credit; the director later denied sending anyone. Lesson in the post: never transfer money you have not collected, counted and confirmed.",staff of a regular business customer,momo_agents,in_person,official_impersonation,send_money,9870000,,,,
A-5e480655,instagram_public_post,,2026-05-17,"Fake MobileMoney credit SMS, then a call from the same number (French)","Public Instagram post. A fake MobileMoney credit SMS from a personal +237 number, followed by a call from that same number. The text reuses the same fake transaction ID pattern (148...921231) as another fake SMS in this table.",MTN Mobile Money,,sms|phone_call,wrong_number_reversal,,,MobileMoney  Vous avez recu 33700 XAF de [NAME] ([PHONE:672-mmsacd]) sur votre compte mobile money 2026-05-17 Message de l'expediteur: Votre nouveau solde est de :68870 FCFA. Frais: 0 XAF. Transaction ID: [TXN_ID]. Economies avec MoMoApp! Juste pour cent frais de retraits transferts.,672-mmsacd,,
