id,submitted_month,when,channel,scam_types,multi_scam,message_text,text_origin,message_language,sender,sender_type,sender_phone_id,phone_ids,domains,caller_claimed,caller_asked,call_language,call_end,call_description,outcome,amount_lost_fcfa,payment_rails,actions_after,region,extra_notes,message_cluster
R-27c83474,2026-10,2025,phone_call,wrong_number_reversal,False,,,unknown,,personal_number,,,,wrong_number_sender,send_money,pidgin,hung_up,"It was just so funny and sudden. I was expecting some money from my sister and this money was to get into my mtn momo account but some network issues delayed it I waited and immediately I was getting a notification of money entering my phone, a phone call was coming in and this woman was cry the sent money to my number by mistake, the estimate was accurate because the amount she called reflected what I really had. That she was in the hostpital with her child and has to pay the bills so they could commence operation on her",almost,,,reported_operator|told_family,south_west,It looks like these people are tapping the lines because I can't explain how they knew money entered my phone that second and estimated the right amount. it's funny tho...,
R-85a3d9fd,2026-10,last_6_months,phone_call,threat_extortion,False,,,unknown,,personal_number,,,,other,send_money,en,hung_up,"This people called me saying they are soldiers from the amba fighters and that someone gave them my name and picture that I am a ""black leg"" and that I am not supporting their fight. That they feel like I am a good person, if not they would have come at once against me and my family. I should sent them money for support. I said I am a student and don't have money and they started throwing threats that if i don't send them money, they'll come for me, asking that I send them 100000cfa",noticed,,,told_family,north_west,,
R-e4d1f3c6,2026-10,this_month,social_media,investment_ponzi_crypto,False,"Africa Investment (Telegram): Des produits Groq. Investissez aujourd'hui, gagnez demain ! Une opportunité sûre et rentable à portée de main ! Nos Produits Groq: 1 000 FCFA, 300 jours, revenu journalier 330 FCFA; 3 000 FCFA, 1 020 FCFA; 5 000 FCFA, 1 750 FCFA; 10 000 FCFA, 3 700 FCFA; 30 000 FCFA, 11 700 FCFA; 50 000 FCFA, 20 500 FCFA; 100 000 FCFA, 44 000 FCFA. Bonus d'inscription 550 FCFA. Retrait minimum 500 FCFA. Frais de retrait 5%. Bonus parrainage: niveau 1 32%, niveau 2 3%, niveau 3 1%. Dépôt et retrait 24h/24. Effectuer vos recharges via Orange. hxxps://www[.]groq[.]click/?w=mrfwtxg",reviewed,fr,[REDACTED],social_account,,,groq.click,,,,,,lost_money,5000,orange_money,told_family,south,"Le principe est de s'inscrire et d'investir en achetant un produit à partir de 500 CFA ; ce produit me rapporte 169 CFA toutes les 24 heures. Je peux retirer un minimum de 500 CFA et investir autant de fois que je le souhaite. Par exemple, si j'investis 50 000 CFA, je percevrai un revenu quotidien de 20 500 CFA pendant 365 jours ; si j'achète un produit à 100 000 CFA, je générerai un revenu journalier de 44 000 CFA, également valable 365 jours. Ainsi, je peux gagner beaucoup d'argent rapidement et sans stress.",C-cac0be91
R-444057bf,2026-10,this_month,social_media,fake_seller_delivery,False,"Reporter: As e di hot for country, people na some bad egg this. [NAME] di post things for Facebook market place say e di sell especially phones and power banks but when you pass your command and send money e di block you. This morning our group member for Limbe be wan buy power bank. The seller be for Douala, e talk say e go give am to driver make driver reach am before payment, then e go for motopark, call our member for video call to show say e dey there with the driver, make our member just deposit the money one time. Immediately the money enter, e block our group member.
Seller: [PHONE:652-bfqrdg] chauffeurs
Seller: C'est mon numero si [PHONE:653-dmgrpq]
Seller: Reçu. Il est déja parti
Buyer: Le chauffeur a dit que vous ne lui aviez pas donné.",reviewed,pidgin,[PHONE:653-dmgrpq],social_account,653-dmgrpq,652-bfqrdg|653-dmgrpq,,,,,,,lost_money,26200,mtn_momo,told_family,littoral,,C-a06e5dae
R-c3f08813,2026-10,this_month,social_media,fake_seller_delivery,False,"Abeg I get some issue and I wish u fit share so that others don't fall victims. 


This person for this profile na scammer wey d do online clothes preorder delivery. 

My girlfriend order dress from her through her Whatsapp group controlled by these two numbers [PHONE:650-njpznd] and [PHONE:650-ecyutv]. 

My chap order dresses on the 26 September pay cash as she wasn't aware they're scammers. Today Tuesday them don remove her from the group and block her everywhere. 

We don't have money to go report it to the police and we believe Karma will fish them out. Please, we beg on you that u should post it for others to be aware.",retold,pidgin,[PHONE:650-njpznd],social_account,650-njpznd,650-njpznd|650-ecyutv,,,,,,,lost_money,26000,mtn_momo,told_family,north_west,,C-2388938e
R-68286ca8,2026-10,this_month,whatsapp,romance|threat_extortion,False,"Reporter: Groups on WhatsApp and other apps titled '# LOVE SPECIALIST - ANTIDOTE TO YOUR SINGLE LIFE #' claim to do online match making. Most members are the organisers themselves, with several numbers and other people's photos. After 'matching' a woman, one of them visits her, secretly records intimate moments, steals from her house, then uses the recording to blackmail her for money.
Group admin, number [PHONE:695-bkfqnp], posts: If you are joining the group for your first time then send me your . Picture Name Age Location Occupation
Group admin: Add up members let me link you up
Group admin: If you are single and searching for a genuine relationship inbox me now
Group admin: Add up more 200 members let me link you up if you can't pay link up
Group admin: Do not inbox any lady in this without prior authorization from the group admin you have to go through verification process before you are link with any lady or man. We do not post your picture without taking permission from you but we need to keep the pictures for security reasons.",reviewed,en,[REDACTED],personal_number,,695-bkfqnp,,,,,,,almost,,,told_family,east,"If possible, you should sensitize and warn others out there, a lot of fake people out there",C-ed2901a6
R-3d9f783a,2026-10,this_week,whatsapp,fake_seller_delivery,False,"I contacted this guy and told him I needed a WhatsApp channel, he said he has WhatsApp channel for sale
He told me he is selling the channel for 20k which I accepted and ask him that how are we going to do for the transfer of ownership
He said he will make me admin of the channel which he actually did and after I transfer the money he will then make me the owner of the channel

I did my own part of it and actually transferred the money to him and now asking him to make me admin he is not saying anything and instead went ahead to block me",retold,en,[PHONE:688-zyqjwf],social_account,688-zyqjwf,688-zyqjwf,,,,,,,lost_money,20000,mtn_momo,told_family,littoral,,C-e93325b4
R-23c65119,2026-10,last_6_months,whatsapp,wrong_number_reversal,False,"It was a fake mobile money message saying money had been transferred to me. Now this person called me, and asked me to send it back. This money was never sent to me",retold,en,[REDACTED],personal_number,,,,,,,,,noticed,,,told_family|nothing,north_west,,C-9501a7e3
R-f7824e3a,2026-10,last_6_months,phone_call,wrong_number_reversal,False,The last scam attempt came in as a mobile l money message telling me I had received a sum of 35000frs but looking closely I realized that the message wasn't from MTN mobile money but rather a personal number,retold,en,[REDACTED],personal_number,,,,,send_money,en,hung_up,,noticed,,,blocked_number|told_family,south_west,,C-09f95ace
R-11da40e7,2026-10,last_6_months,whatsapp,wrong_number_reversal,False,,,unknown,,personal_number,,,,,,,,,someone_else_lost,100000,cash,reported_police,south_west,,
R-5fe4141f,2026-10,2025,whatsapp,wrong_number_reversal|hacked_account_money|fake_job,False,,,unknown,,personal_number,,,,,,,,,lost_money,17000,mtn_momo,blocked_number|told_family,south_west,,
R-e7a408ad,2026-10,2025,whatsapp,hacked_account_money,False,"Reporter: He hacked my tiktok account and asked me to pay before retrieving it. Which was a lie
Hacker: Do that you we pay me
Victim: (voice note) Cuz I was scared
Hacker: Ok
Hacker: You will pay me
Victim: Hmmm pay! How much?
Hacker: 10k
Hacker: ??
Victim: Trusting a hacker for the second time is suicidal. I have 2 options: 1) giving up 2) starting all over again",reviewed,en,,personal_number,,,,,,,,,lost_money,10000,mtn_momo,told_family|nothing,north_west,,C-9e184f8a
R-3db27758,2026-10,last_6_months,sms,wrong_number_reversal,False,It just said money was sent to my account in the same way MTN would send their messages,retold,en,[REDACTED],personal_number,,,,,,,,,noticed,,,nothing,south_west,Nothing else,C-b984016b
R-639e6502,2026-10,2025,whatsapp,investment_ponzi_crypto,False,"Buy a machine for 5000frs,mine everyday for 1month and get 10500frs.",retold,en,[REDACTED],social_account,,,,,,,,,lost_money,80000,mtn_momo,told_family,south_west,Can't wait for all this scams to come to and end.,C-34a6ab7d
R-ce78baf4,2026-10,last_6_months,whatsapp,investment_ponzi_crypto,False,"“If you can just send me 30,000frs I’ll double it before 12 pm abs you’ll get 60,000” after I sent he said “add 20,000frs so that the money will reach you now”",retold,en,[REDACTED],hidden,,,,,,,,,lost_money,50000,mtn_momo,nothing,south_west,,C-5f08f205
R-1d3c7fe0,2026-10,earlier_2026,whatsapp,fake_agent_support,False,,,unknown,[REDACTED],personal_number,,,,,,,,,someone_else_lost,500000,mtn_momo,reported_operator|told_family,south_west,,
R-3573c598,2026-10,before_2025,phone_call,account_blocked|wrong_number_reversal,False,,,unknown,,personal_number,,,,operator_staff,send_money,en,hung_up,,noticed,,,blocked_number,centre,,
R-b019a571,2026-10,earlier_2026,whatsapp,sim_swap|investment_ponzi_crypto|fake_scholarship_visa|fake_job,True,,,unknown,,unknown,,,,,,,,,lost_money,10000,mtn_momo,told_family|nothing,south_west,,
R-ae0beb49,2026-10,last_6_months,sms,deposit_withdrawal_trap,False,,,unknown,[REDACTED],personal_number,,,,,,,,,noticed,,,told_family,south_west,,
R-46377eb6,2026-10,this_week,whatsapp,fake_prize_promo|advance_fee,False,"MobileMoney: Successful transfer of 20000 FCFA to [NAME] ([PHONE:682-vdjrdy]). Fees: FCFA 44. Balance: FCFA 1347. Enter 1 to save this contact 00. Next
MobileMoney: You have received 750,000 FCFA from AFRICA DEVELOPMENT FOUNDATION FUNDS your mobile money account at 2026/10/01 10:00:10 . Message from sender :Your new balance.FCFA 751,347. Financial Transaction Id:[TXN_ID].
Status caption: This is true promotion I apply and I receive",reviewed,en,,alphanumeric_name,,682-vdjrdy,,,,,,,noticed,,,blocked_number,south_west,,C-081e2771
R-12862dcf,2026-10,,whatsapp,hacked_account_money,False,,,unknown,[REDACTED],social_account,,,,,,,,,almost,,,told_family,south_west,,
R-68d44399,2026-10,,phone_call,wrong_number_reversal|deposit_withdrawal_trap|investment_ponzi_crypto|credential_request|hacked_account_money|loan_scam|fake_prize_promo,True,,,unknown,,personal_number,,,,wrong_number_sender,dial_code|open_link,pidgin,hung_up,,noticed,,,reported_operator|told_family,,,
R-b66bc67e,2026-10,2025,whatsapp,account_blocked|fake_agent_support|deposit_withdrawal_trap|credential_request|fake_prize_promo,True,,,unknown,,,,,,,,,,,lost_money,10000,mtn_momo,blocked_number|told_family,south_west,,
R-551f42ea,2026-10,last_6_months,whatsapp,deposit_withdrawal_trap,False,It was a withdrawal and I was supposed to input my code,retold,en,[REDACTED],personal_number,,,,,,,,,almost,,,nothing,south_west,Nope,C-6a29c9f7
R-649d902d,2026-10,2025,whatsapp,wrong_number_reversal,False,"Please I have sent money to this number by mistake 
Please refund it back",pasted,en,[REDACTED],personal_number,,,,,,,,,noticed,,,told_family,south_west,,C-f7e0b0f3
R-c5b163ab,2026-10,last_6_months,whatsapp,deposit_withdrawal_trap,False,,,unknown,[REDACTED],personal_number,,,,,,,,,lost_money,40000,mtn_momo,told_family,south_west,"I want the people doing this to be cut, and if possible MTN should help me with half amount of money when this act is done",
R-41350977,2026-10,before_2025,whatsapp,fake_agent_support|fake_prize_promo,False,,,unknown,,personal_number,,,,,,,,,almost,,,blocked_number,littoral,,
R-25ebb7d8,2026-10,this_month,phone_call,fake_agent_support|credential_request,False,,,unknown,[REDACTED],personal_number,,,,operator_staff,dial_code,en,hung_up,"This person called claiming to be a super agent for POS sim cards which I happen to own one. He was like telling me about an updated system that MTN uses now that gives momo agents/those with merchant Sims higher commissions per transaction. He asked me to write down some information about me and my residence and my SIM on paper and I would later snap and send to him immediately he asks. The last things he asked me to write was an OTP I received in the course of doing this, he asked me to write down the 4 digit code I received so he can use it to activate my higher commissions per transaction, the. I should snap the paper with all this Information and send to him. This is the point I discovered it was a scam and decides to drop and report the number",almost,,,reported_operator,far_north,,
R-a4928f76,2026-10,last_6_months,phone_call,fake_agent_support|fake_seller_delivery,False,,,unknown,[REDACTED],personal_number,,,,operator_staff,give_pin_code|dial_code,en,complied,,noticed,,,told_family,south_west,,
R-d4f9cf97,2026-10,2025,whatsapp,fake_seller_delivery,False,,,unknown,,social_account,,,,,,,,,lost_money,6500,mtn_momo,blocked_number,south_west,,
R-457cb64b,2026-10,last_6_months,whatsapp,wrong_number_reversal|deposit_withdrawal_trap,False,,,unknown,,personal_number,,,,,,,,,noticed,,,told_family,south_west,nothing really,
R-0003e2c0,2026-10,last_6_months,sms,wrong_number_reversal|account_blocked|credential_request,False,"Sorry but please I sent money to your number mistakenly 
Can you enter your pin code your number has been suspended",retold,en,,personal_number,,,,,,,,,almost,,,told_family,south_west,,C-7c7414cb
R-b6d06c96,2026-10,this_month,phone_call,fake_agent_support|credential_request|fake_prize_promo,False,"It was call, they asked me to send them a pin sent to my phone, but MTN said in the message that never share and someone claiming to be from them asked me to share so I was skeptical and the pressure mounted was too much so I fell for it.",pasted,en,MTN,alphanumeric_name,,654-jwmukg,,operator_staff,give_pin_code|dial_code,en,hung_up,"They called me saying that MTN gives everyone some certain stipends for what they are doing, their transactions and asking if I have received mine. I ignorantly went on with the conversation and said I had not received so they said okay they'll help me get my money. That they want to check and checked and told me it was currently 260000fcfa. But to access it, they have to activate my SIM card to unblock it so they started taking me through a series of dialing codes here and there up to the point where they made me activate call barring on my phone unknownly. They took me codes here and there and finally got to a point where they asked for my momo pin, I refused and the woman said she's a mother and wouldn't want to scam a child so I should take a chill pill. She said okay she won't ask for my pin, that they'll send a code to my phone and I should read it to here when it comes so she can finish the last stage of activating my account. It is then I knew this was a scam.",almost,,,told_family,adamaoua,"This woman called from Douala as she claimed and it looked and sounded so real that looking at it from the beginning, I would never have considered it as a scam coupled with the fact that the person on the other line was a woman and sounded like a mother. She took her time, did her job and brain washed me into thinking she was the manager of MTN in the main office in Douala and I should not be scared, I can express myself completely to her.",C-74af06fe
R-47025480,2026-10,last_6_months,phone_call,wrong_number_reversal,False,MobileMoney    Vous avez recu 69500 XAF de [NAME] ([PHONE:670-takuxj]) sur votre compte Mobile Money 2026-02-30. Message de l'expediteur. Votre nouveau solde est de 142609 FCFA. frais: 0 XAF. Transaction ID:[TXN_ID] Economies avec! Juste pour cent frais de retraits transferts a Zero frais.,pasted,fr,[REDACTED],personal_number,,670-takuxj|654-jwmukg,,wrong_number_sender,send_money,en,complied,"This number called me begging that they sent money to my number by mistake, that I should send back part of the money, they want to use it to pay for their sick grand mother's hospital bill. I received the message and it looked real, same as messages are and it reflected my approximate amount I had in the phone so I sent them back some of the money as they said. She claimed to have sent 69500 and that I could send back 50,000, I saw it as way to make quick money so I decided to go on with it and sent the money. It was only after I sent and read my balance did I realize I had been played and it left me devasted.",lost_money,50650,mtn_momo,reported_police|told_family,far_north,Please look for a way to catch these scammers or at least stop them so that this doesn't happen again to those who are innocent/know nothing about this,C-82e06cb4
R-089218ec,2026-09,before_2025,phone_call,advance_fee|fake_prize_promo,False,"They asked to called a number that their car is bad with goods worth millions from Nigeria and the sim they bought from Nigeria can not call. After I called they appreciated  and they said they want to give me some good for my good car, big of rice tv, laptop that I should send transport but I declined",pasted,en,[REDACTED],,,,,,send_money,fr,they_stopped,,noticed,,,nothing,south_west,,C-0c0a63ef
R-a07dd5ff,2026-09,earlier_2026,phone_call,wrong_number_reversal,False,,,unknown,,personal_number,,,,wrong_number_sender,send_money,en,hung_up,"Started in french then switched to English, called several times, when I said he was a cheap scammer he insulted me and dropped",noticed,,,blocked_number,,,
R-97bab659,2026-09,2025,whatsapp,fake_agent_support|hacked_account_money,False,,,unknown,,personal_number,,,,,,,,,almost,,,told_family,south_west,,
R-1cc84c0e,2026-09,before_2025,whatsapp,account_blocked|fake_agent_support|family_emergency|credential_request|hacked_account_money|fake_prize_promo,True,,,unknown,,personal_number,,,,,,,,,noticed,,,told_family|nothing,littoral,,
R-1fe95be7,2026-09,last_6_months,whatsapp,advance_fee,False,"[9/9, 3:25 PM] [PHONE:intl-yguzqf]: I came across something here which i planned to discuss with you
[9/9, 3:25 PM] [PHONE:intl-yguzqf]: Hopefully you'll be chanced to assist follow it up for me there in the country
[9/9, 3:32 PM] [PHONE:intl-yguzqf]: There's a cultural anniversary coming up here in the 26th of September and a company here is in need of 13 sets of those NW traditional wears for male.
[9/9, 3:32 PM] [PHONE:intl-yguzqf]: So i wish you could follow up let me send you the money to buy and send over to me as soon as possible
[9/9, 3:34 PM] [PHONE:intl-yguzqf]: Yes I have a particular design which they have chosen.
[9/9, 3:35 PM] [PHONE:intl-yguzqf]: It's done by a colleague of mine's father in-law from Foumban town who recently did supply here last December.
[9/9, 3:36 PM] [PHONE:intl-yguzqf]: I want us to buy directly from this tailor so that I'll provide exactly what they have here before.
[9/9, 3:48 PM] [PHONE:intl-yguzqf]: I'll link you with him to bargain and make the arrangements like a customer there,
[9/9, 3:49 PM] [PHONE:intl-yguzqf]: I don't want him to notice it's coming over here this time around so that he sells at moderate prices
[9/9, 7:48 PM] [PHONE:intl-yguzqf]: [PHONE:678-gmhbbf]
[NAME]
[9/9, 8:04 PM] [PHONE:intl-yguzqf]: Yes i don't want him to notice it's coming over here this time around so that he sells at moderate prices
[9/9, 8:05 PM] [PHONE:intl-yguzqf]: Bargain well let's have a set not more than 120k
[9/10, 8:53 AM] [PHONE:intl-yguzqf]: Alright, i have no problem with us sending him money first
[9/10, 8:54 AM] [PHONE:intl-yguzqf]: Like i said he's a father in-law to a friend of mine here
[9/10, 8:54 AM] [PHONE:intl-yguzqf]: When i send you the total early Tomorrow you can send to him
[9/10, 8:56 AM] [PHONE:intl-yguzqf]: How do we handle this eeeh
[9/10, 8:57 AM] [PHONE:intl-yguzqf]: Please try your best to take care of that for now and then when i send the total you replace 🙏🏽
[9/10, 9:00 AM] [PHONE:intl-yguzqf]: You said he is demanding the money now right
[9/10, 9:01 AM] [PHONE:intl-yguzqf]: Try to get what you can for now and propose to him at least to see your seriousness
[9/10, 9:09 AM] [PHONE:intl-yguzqf]: Ok hope you can take care of that for now
[9/10, 9:12 AM] [PHONE:intl-yguzqf]: I'll payback early in the morning here unfailingly please
[9/10, 9:13 AM] [PHONE:intl-yguzqf]: I just don't want to miss this business opportunity
[9/10, 9:15 AM] [PHONE:intl-yguzqf]: Send that 130 to him and beg him to understand,
[9/10, 9:16 AM] [PHONE:intl-yguzqf]: He's a business man, seeing your seriousness he'll surely know what to do",reviewed,en,[REDACTED],personal_number,,678-gmhbbf,,,,,,,noticed,,,told_family,south_west,,C-c1f89f7e
R-811236c1,2026-09,before_2025,phone_call,wrong_number_reversal,False,"You have transferred 650 XAF to [NAME] ([PHONE:678-jumkap]) from your mobile money account [ACCOUNT] at 2026-08-30 19:55:32 FEES 5 FCFA. Your new balance: 5169 XAF. Message from sender: . Message to receiver: . Financial Transaction Id: [TXN_ID]. Back-to-School is Here... MoMo Got You! For any transactions from XAF 5,237, stand a chance to win everyday : A Laptop + XAF 50,000 + a Home Box every day. Dial *126*6# or download the New MoMo App : link[.]mtn[.]cm/NewMoMoAppRef. More info: 8787 | WhatsApp 650 528 787.",reviewed,en,[PHONE:681-futyxz],personal_number,681-futyxz,678-jumkap|650-zjymdr|681-futyxz,link.mtn.cm,wrong_number_sender,send_money,pidgin,hung_up,I sent money ti you by mistakenly would you send it back,almost,,,told_family,south_west,,C-00039a5c
R-34562990,2026-09,last_6_months,sms,official_impersonation|advance_fee,False,,,unknown,[PHONE:695-acxvqp],personal_number,695-acxvqp,695-acxvqp,,,,,,,lost_money,45000,mtn_momo,nothing,south_west,"The Sadi scammer calm to be a government official from the DO’s office . 
Had me going there severally to submit and it wasn’t possible untill I ended up sending money via Momo",
R-9def5f33,2026-09,last_6_months,phone_call,family_emergency,False,,,unknown,,personal_number,,687-qwbygr,,relative_friend,send_money,local,hung_up,,lost_money,25000,orange_money,nothing,littoral,,
R-dcd0820b,2026-09,last_6_months,whatsapp,phishing_link|fake_prize_promo,False,Enter this link to receive a certain amount of money,pasted,en,,social_account,,,,,,,,,noticed,,,nothing,north_west,These scammers and people who share spams should be blocked,C-40bf18c6
R-64f4dacc,2026-09,before_2025,whatsapp,family_emergency|investment_ponzi_crypto|credential_request|hacked_account_money,True,,,unknown,,alphanumeric_name,,,,,,,,,lost_money,50000,mtn_momo,blocked_number,south_west,HACK THE PERSONS PHONE AND BURN THEIR IP ADDRESS,
R-0de94268,2026-09,last_6_months,whatsapp,account_blocked|deposit_withdrawal_trap|credential_request|fake_scholarship_visa|hacked_account_money|fake_seller_delivery|fake_prize_promo,True,,,unknown,[REDACTED],social_account,,,,,,,,,lost_money,70000,mtn_momo|airtime|cash,reported_operator,centre,Do u want to pay the money back,
R-25b27858,2026-09,2025,phone_call,wrong_number_reversal|deposit_withdrawal_trap|credential_request|fake_scholarship_visa|fake_concours_admission|fake_seller_delivery,True,,,unknown,[PHONE:674-vcdaby],personal_number,674-vcdaby,674-vcdaby,,operator_staff,install_app|give_pin_code|open_link|send_money|give_id_personal_info,en,hung_up,Simple yet interactive,someone_else_lost,150000,mtn_momo|bank,reported_operator|blocked_number|told_family,south_west,Nothing I really remember,
R-b43bd423,2026-09,2025,whatsapp,wrong_number_reversal|deposit_withdrawal_trap|fake_concours_admission|loan_scam,True,,,unknown,,personal_number,,,,,,,,,noticed,,,nothing,south_west,,
R-0313b46a,2026-09,2025,phone_call,account_blocked|fake_agent_support|credential_request|fake_prize_promo,True,,,unknown,,personal_number,,,,operator_staff,give_pin_code|dial_code|send_money,en,hung_up,,noticed,,,reported_operator,south_west,,
R-76774844,2026-09,before_2025,whatsapp,investment_ponzi_crypto,False,,,unknown,,social_account,,,,,,,,,lost_money,5000,mtn_momo,nothing,south_west,,
R-558677a1,2026-09,before_2025,sms,fake_prize_promo,False,,,unknown,,personal_number,,,,,,,,,lost_money,5000,mtn_momo,told_family,south_west,,
R-cb11294e,2026-09,before_2025,phone_call,fake_agent_support|wrong_number_reversal|family_emergency|credential_request|fake_job,True,,,unknown,,personal_number,,,,operator_staff,give_pin_code|open_link|send_money,fr,hung_up,It was somehow convincing but I cut the call,noticed,,,blocked_number|told_family,south_west,No,
R-777afcf3,2026-09,2025,whatsapp,account_blocked|fake_agent_support|investment_ponzi_crypto|fake_seller_delivery|fake_prize_promo|fake_job,True,,,unknown,,social_account,,,,,,,,,almost,,,told_family,centre,,
R-2d81f5ed,2026-09,before_2025,phone_call,account_blocked|credential_request,False,,,unknown,,personal_number,,,,operator_staff,give_pin_code,en,hung_up,,noticed,,,nothing,centre,,
R-5257f223,2026-09,2025,phone_call,wrong_number_reversal|deposit_withdrawal_trap,False,,,unknown,,,,,,wrong_number_sender,send_money,en,hung_up,,almost,,,told_family,north_west,,
R-d93b1c18,2026-09,earlier_2026,phone_call,fake_agent_support|credential_request,False,,,unknown,,personal_number,,,,operator_staff,give_pin_code|dial_code,en,complied,,lost_money,15000,mtn_momo,told_family,south_west,,
R-5a499cc3,2026-09,this_week,phone_call,wrong_number_reversal,False,Mobilemoney 1Go Njoh! if you download and log into the New MoMoApp. Link: link[.]mtn[.]cm/NewMoMoAppRef. You have received 130900 XAF of [NAME] ([PHONE:682-pkwxxq]) on your Mobile Money account 2026-09-29. Message from the sender: . Your new balance is 281985 XAF. Fee Paid: 0 XAF. Transaction ID: [TXN_ID],reviewed,en,[PHONE:678-qmsqst],personal_number,678-qmsqst,682-pkwxxq|678-qmsqst,link.mtn.cm,wrong_number_sender,send_money,en,they_stopped,"He called and I picked,he went on and said he sent me money by mistake that he’s sorry .that I should keep 10,000frs to myself and send the rest to him.He asked if I’m in Yaounde and I said no that I left Yaounde this morning.Then I asked him if he doesn’t have any other thing doing rather than trying to scam  people and then he ended the call",noticed,,,nothing,centre,,C-393aa5ec
R-01caca0c,2026-09,last_6_months,whatsapp,account_blocked|family_emergency|hacked_account_money|fake_concours_admission|fake_job,True,,,unknown,,personal_number,,,,,,,,,noticed,,,told_family,south_west,,
R-84293a6e,2026-09,2025,whatsapp,fake_agent_support,False,,,unknown,,,,,,,,,,,noticed,,,blocked_number|nothing,south_west,,
R-c6314298,2026-09,before_2025,sms,account_blocked|wrong_number_reversal|deposit_withdrawal_trap|fake_prize_promo,True,,,unknown,[REDACTED],personal_number,,,,,,,,,noticed,,,told_family,south_west,Nope I nr get anything for talk again,
R-1d165da4,2026-09,earlier_2026,sms,sim_swap|account_blocked|fake_agent_support|wrong_number_reversal|family_emergency|deposit_withdrawal_trap|investment_ponzi_crypto|credential_request|fake_scholarship_visa|official_impersonation|fake_concours_admission|fake_seller_delivery|loan_scam|fake_job|romance,True,,,unknown,"A number, others attached fake names",alphanumeric_name,,,,,,,,,noticed,,,told_family,south_west,Some of these people are actually working with money transfer agencies.,
