phone_id,prefix,times_reported,times_in_alerts,top_scam_types,first_seen
654-jwmukg,654,2,0,fake_agent_support|credential_request|fake_prize_promo,2026-10
652-bfqrdg,652,1,0,fake_seller_delivery,2026-10
653-dmgrpq,653,1,0,fake_seller_delivery,2026-10
650-njpznd,650,1,0,fake_seller_delivery,2026-10
650-ecyutv,650,1,0,fake_seller_delivery,2026-10
695-bkfqnp,695,1,0,romance|threat_extortion,2026-10
688-zyqjwf,688,1,0,fake_seller_delivery,2026-10
682-vdjrdy,682,1,0,fake_prize_promo|advance_fee,2026-10
670-takuxj,670,1,0,wrong_number_reversal,2026-10
678-gmhbbf,678,1,0,advance_fee,2026-09
678-jumkap,678,1,0,wrong_number_reversal,2026-09
650-zjymdr,650,1,0,wrong_number_reversal,2026-09
681-futyxz,681,1,0,wrong_number_reversal,2026-09
695-acxvqp,695,1,0,official_impersonation|advance_fee,2026-09
687-qwbygr,687,1,0,family_emergency,2026-09
674-vcdaby,674,1,0,wrong_number_reversal|deposit_withdrawal_trap|credential_request,2026-09
682-pkwxxq,682,1,0,wrong_number_reversal,2026-09
678-qmsqst,678,1,0,wrong_number_reversal,2026-09
687-yvgpxx,687,0,1,fake_job|official_impersonation|advance_fee,2025-10
692-scmbhd,692,0,1,official_impersonation|advance_fee,2024-03
677-dedzzq,677,0,1,official_impersonation|fake_agent_support,2023-07
650-recfye,650,0,1,official_impersonation|fake_agent_support,2023-07
681-pywtve,681,0,1,official_impersonation|fake_agent_support,2023-07
676-tyvgda,676,0,1,official_impersonation|fake_agent_support,2023-07
673-arfqdt,673,0,1,official_impersonation|fake_agent_support,2023-07
652-rvyemq,652,0,1,official_impersonation|fake_agent_support,2023-07
681-zpwxtd,681,0,1,phishing_link|official_impersonation,2020-06
694-duguqs,694,0,1,fake_seller_delivery|fake_social_profile,2020-03
653-wpgddb,653,0,1,fake_seller_delivery|fake_social_profile,2020-03
691-bgvbfd,691,0,1,fake_job|fake_concours_admission|advance_fee,2020-03
694-bzsadd,694,0,1,fake_prize_promo|advance_fee,
691-bzkfta,691,0,1,fake_prize_promo|advance_fee,
677-cvbmej,677,0,1,wrong_number_reversal,2018-12
656-btdhhv,656,0,1,fake_job|official_impersonation|fake_document,2024-11
682-xazfwf,682,0,1,wrong_number_reversal|deposit_withdrawal_trap|account_blocked,2026-07
670-pvakwe,670,0,1,wrong_number_reversal,
676-rrksmg,676,0,1,wrong_number_reversal,
653-rzjenn,653,0,1,wrong_number_reversal,2025-12
672-mmsacd,672,0,1,wrong_number_reversal,2026-05
